gene,drug,diplotype,rsID,cHGVS,pHGVS,gatkscore,depth,readsratio,effect,suggest,annotation_type_y,location,drugid,zyg,sample,name_en,name_zh
ABCG2,allopurinol,rs2231142 reference (G)/rs2231142 reference (G),,,,,,,Normal Function,The guideline does not provide a recommendation for allopurinol in patients with the the ABCG2 rs2231142 GG genotype (c.421CC; p.141QQ),DPWG Guideline Annotation,,,Hom,Test,allopurinol,别嘌醇
ABCG2,rosuvastatin,rs2231142 reference (G)/rs2231142 reference (G),,,,,,,Normal Function,"Prescribe ≤20mg as a starting dose and adjust doses of rosuvastatin based on disease-specific and specific population guidelines. If dose &gt; 20mg needed for desired efficacy, consider combination therapy (i.e., rosuvastatin plus non-statin guideline directed medical therapy) (PMID: 30423391).
<h4 id=""other-considerations"">Other Considerations</h4>
The potential for drug-drug interactions and dose limits based on renal and hepatic function and Asian ancestry should be evaluated prior to initiating a statin. The effects of drug-drug interactions may be more pronounced resulting in a higher risk of myopathy.",CPIC Guideline Annotation,,,Hom,Test,rosuvastatin,瑞舒伐他汀
CACNA1S,desflurane,Reference/Reference,,,,,,,Uncertain Susceptibility,"Clinical findings, family history, further genetic testing and other laboratory data should guide use of halogenated volatile anesthetics or depolarizing muscle relaxants.",CPIC Guideline Annotation,,,Hom,Test,desflurane,地氟烷
CACNA1S,enflurane,Reference/Reference,,,,,,,Uncertain Susceptibility,"Clinical findings, family history, further genetic testing and other laboratory data should guide use of halogenated volatile anesthetics or depolarizing muscle relaxants.",CPIC Guideline Annotation,,,Hom,Test,enflurane,恩氟烷
CACNA1S,halothane,Reference/Reference,,,,,,,Uncertain Susceptibility,"Clinical findings, family history, further genetic testing and other laboratory data should guide use of halogenated volatile anesthetics or depolarizing muscle relaxants.",CPIC Guideline Annotation,,,Hom,Test,halothane,氟烷
CACNA1S,isoflurane,Reference/Reference,,,,,,,Uncertain Susceptibility,"Clinical findings, family history, further genetic testing and other laboratory data should guide use of halogenated volatile anesthetics or depolarizing muscle relaxants.",CPIC Guideline Annotation,,,Hom,Test,isoflurane,异氟烷
CACNA1S,methoxyflurane,Reference/Reference,,,,,,,Uncertain Susceptibility,"Clinical findings, family history, further genetic testing and other laboratory data should guide use of halogenated volatile anesthetics or depolarizing muscle relaxants.",CPIC Guideline Annotation,,,Hom,Test,methoxyflurane,甲氧氟烷
CACNA1S,sevoflurane,Reference/Reference,,,,,,,Uncertain Susceptibility,"Clinical findings, family history, further genetic testing and other laboratory data should guide use of halogenated volatile anesthetics or depolarizing muscle relaxants.",CPIC Guideline Annotation,,,Hom,Test,sevoflurane,七氟烷
CACNA1S,succinylcholine,Reference/Reference,,,,,,,Uncertain Susceptibility,"Clinical findings, family history, further genetic testing and other laboratory data should guide use of halogenated volatile anesthetics or depolarizing muscle relaxants.",CPIC Guideline Annotation,,,Hom,Test,succinylcholine,琥珀胆碱
CFTR,ivacaftor,Reference/Reference,,,,,,,ivacaftor non-responsive in CF patients,Ivacaftor is not recommended,CPIC Guideline Annotation,,,Hom,Test,ivacaftor,依伐卡托
CYP2B6,efavirenz,*1/*1,,,,,,,Normal Metabolizer,"Initiate efavirenz with standard dosing (600 mg/day)
<h4 id=""other-considerations"">Other Considerations</h4>
The ENCORE study showed that in treatment-naïve patients randomized to initiate efavirenz-based regimens (combined with tenofovir and emtricitabine), 400 mg/day was non-inferior to 600 mg/day regardless of CYP2B6 genotype (PMID 24522178).",CPIC Guideline Annotation,,,Hom,Test,efavirenz,依非韦伦
CYP2B6,sertraline,*1/*1,,,,,,,Normal Metabolizer,Initiate therapy with recommended starting dose.,CPIC Guideline Annotation,,,Hom,Test,sertraline,舍曲林
CYP2C19,abrocitinib,*1/*1,rs3758581,test,test,1478.06,"0,46",1.0,Normal Metabolizer,.,FDA Label Annotation,chr10:94842866:A>G,,Hom,Test,abrocitinib,阿布昔替尼
CYP2C19,amitriptyline,*1/*1,rs3758581,test,test,1478.06,"0,46",1.0,Normal Metabolizer,"Consider a 25% reduction of recommended starting dose. Utilize therapeutic drug monitoring to guide dose adjustments.
<h4 id=""other-considerations"">Other Considerations</h4>
Patients may receive an initial low dose of a tricyclic, which is then increased over several days to the recommended steady-state dose. The starting dose in this guideline refers to the recommended steady-state dose. Dosing recommendations only apply to higher initial doses of TCAs for treatment of conditions such as depression. See other considerations for dosing recommendations for conditions where lower initial doses are used, such as neuropathic pain.",CPIC Guideline Annotation,chr10:94842866:A>G,,Hom,Test,amitriptyline,阿米替林
CYP2C19,belzutifan,*1/*1,rs3758581,test,test,1478.06,"0,46",1.0,Normal Metabolizer,.,FDA Label Annotation,chr10:94842866:A>G,,Hom,Test,belzutifan,贝组替凡
CYP2C19,brivaracetam,*1/*1,rs3758581,test,test,1478.06,"0,46",1.0,Normal Metabolizer,.,FDA Label Annotation,chr10:94842866:A>G,,Hom,Test,brivaracetam,布瓦西坦
CYP2C19,carisoprodol,*1/*1,rs3758581,test,test,1478.06,"0,46",1.0,Normal Metabolizer,.,FDA Label Annotation,chr10:94842866:A>G,,Hom,Test,carisoprodol,卡立普多
CYP2C19,citalopram,*1/*1,rs3758581,test,test,1478.06,"0,46",1.0,Normal Metabolizer,Initiate therapy with recommended starting dose,CPIC Guideline Annotation,chr10:94842866:A>G,,Hom,Test,citalopram,西酞普兰
CYP2C19,clobazam,*1/*1,rs3758581,test,test,1478.06,"0,46",1.0,Normal Metabolizer,.,FDA Label Annotation,chr10:94842866:A>G,,Hom,Test,clobazam,氯巴占
CYP2C19,clomipramine,*1/*1,rs3758581,test,test,1478.06,"0,46",1.0,Normal Metabolizer,"Consider a 25% reduction of recommended starting dose. Utilize therapeutic drug monitoring to guide dose adjustments.
<h4 id=""other-considerations"">Other Considerations</h4>
Patients may receive an initial low dose of a tricyclic, which is then increased over several days to the recommended steady-state dose. The starting dose in this guideline refers to the recommended steady-state dose. Dosing recommendations only apply to higher initial doses of TCAs for treatment of conditions such as depression. See other considerations for dosing recommendations for conditions where lower initial doses are used, such as neuropathic pain.",CPIC Guideline Annotation,chr10:94842866:A>G,,Hom,Test,clomipramine,氯米帕明
CYP2C19,clopidogrel,*1/*1,rs3758581,test,test,1478.06,"0,46",1.0,Normal Metabolizer,"If considering clopidogrel, use at standard dose (75 mg/day)
<h4 id=""other-considerations"">Other Considerations</h4>
For neurovascular indications. Neurovascular disease includes acute ischemic stroke or transient ischemic attack, secondary prevention of stroke, or prevention of thromboembolic events following neurointerventional procedures such as carotid artery stenting and stent-assisted coiling of intracranial aneurysms.",CPIC Guideline Annotation,chr10:94842866:A>G,,Hom,Test,clopidogrel,氯吡格雷
CYP2C19,dexlansoprazole,*1/*1,rs3758581,test,test,1478.06,"0,46",1.0,Normal Metabolizer,"Initiate standard starting daily dose. Consider increasing dose by 50-100% for the treatment of H. pylori infection and erosive esophagitis. Daily dose may be given in divided doses.
Monitor for efficacy.",CPIC Guideline Annotation,chr10:94842866:A>G,,Hom,Test,dexlansoprazole,右兰索拉唑
CYP2C19,diazepam,*1/*1,rs3758581,test,test,1478.06,"0,46",1.0,Normal Metabolizer,.,FDA PGx Association,chr10:94842866:A>G,,Hom,Test,diazepam,地西泮
CYP2C19,doxepin,*1/*1,rs3758581,test,test,1478.06,"0,46",1.0,Normal Metabolizer,"Consider a 25% reduction of recommended starting dose. Utilize therapeutic drug monitoring to guide dose adjustments.
<h4 id=""other-considerations"">Other Considerations</h4>
Patients may receive an initial low dose of a tricyclic, which is then increased over several days to the recommended steady-state dose. The starting dose in this guideline refers to the recommended steady-state dose. Dosing recommendations only apply to higher initial doses of TCAs for treatment of conditions such as depression. See other considerations for dosing recommendations for conditions where lower initial doses are used, such as neuropathic pain.",CPIC Guideline Annotation,chr10:94842866:A>G,,Hom,Test,doxepin,多塞平
CYP2C19,escitalopram,*1/*1,rs3758581,test,test,1478.06,"0,46",1.0,Normal Metabolizer,Initiate therapy with recommended starting dose,CPIC Guideline Annotation,chr10:94842866:A>G,,Hom,Test,escitalopram,艾司西酞普兰
CYP2C19,esomeprazole,*1/*1,rs3758581,test,test,1478.06,"0,46",1.0,Normal Metabolizer,.,FDA PGx Association,chr10:94842866:A>G,,Hom,Test,esomeprazole,艾司奥美拉唑
CYP2C19,flibanserin,*1/*1,rs3758581,test,test,1478.06,"0,46",1.0,Normal Metabolizer,.,FDA Label Annotation,chr10:94842866:A>G,,Hom,Test,flibanserin,氟班色林
CYP2C19,imipramine,*1/*1,rs3758581,test,test,1478.06,"0,46",1.0,Normal Metabolizer,"Consider a 25% reduction of recommended starting dose. Utilize therapeutic drug monitoring to guide dose adjustments.
<h4 id=""other-considerations"">Other Considerations</h4>
Patients may receive an initial low dose of a tricyclic, which is then increased over several days to the recommended steady-state dose. The starting dose in this guideline refers to the recommended steady-state dose. Dosing recommendations only apply to higher initial doses of TCAs for treatment of conditions such as depression. See other considerations for dosing recommendations for conditions where lower initial doses are used, such as neuropathic pain.",CPIC Guideline Annotation,chr10:94842866:A>G,,Hom,Test,imipramine,丙米嗪
CYP2C19,lansoprazole,*1/*1,rs3758581,test,test,1478.06,"0,46",1.0,Normal Metabolizer,"Initiate standard starting daily dose. Consider increasing dose by 50-100% for the treatment of H. pylori infection and erosive esophagitis. Daily dose may be given in divided doses.
Monitor for efficacy.",CPIC Guideline Annotation,chr10:94842866:A>G,,Hom,Test,lansoprazole,兰索拉唑
CYP2C19,mavacamten,*1/*1,rs3758581,test,test,1478.06,"0,46",1.0,Normal Metabolizer,.,FDA PGx Association,chr10:94842866:A>G,,Hom,Test,mavacamten,玛伐凯泰
CYP2C19,omeprazole,*1/*1,rs3758581,test,test,1478.06,"0,46",1.0,Normal Metabolizer,"Initiate standard starting daily dose. Consider increasing dose by 50-100% for the treatment of H. pylori infection and erosive esophagitis. Daily dose may be given in divided doses.
Monitor for efficacy.",CPIC Guideline Annotation,chr10:94842866:A>G,,Hom,Test,omeprazole,奥美拉唑
CYP2C19,pantoprazole,*1/*1,rs3758581,test,test,1478.06,"0,46",1.0,Normal Metabolizer,"Initiate standard starting daily dose. Consider increasing dose by 50-100% for the treatment of H. pylori infection and erosive esophagitis. Daily dose may be given in divided doses.
Monitor for efficacy.",CPIC Guideline Annotation,chr10:94842866:A>G,,Hom,Test,pantoprazole,泮托拉唑
CYP2C19,rabeprazole,*1/*1,rs3758581,test,test,1478.06,"0,46",1.0,Normal Metabolizer,.,FDA PGx Association,chr10:94842866:A>G,,Hom,Test,rabeprazole,雷贝拉唑
CYP2C19,sertraline,*1/*1,rs3758581,test,test,1478.06,"0,46",1.0,Normal Metabolizer,Initiate therapy with recommended starting dose.,CPIC Guideline Annotation,chr10:94842866:A>G,,Hom,Test,sertraline,舍曲林
CYP2C19,trimipramine,*1/*1,rs3758581,test,test,1478.06,"0,46",1.0,Normal Metabolizer,"Consider a 25% reduction of recommended starting dose. Utilize therapeutic drug monitoring to guide dose adjustments.
<h4 id=""other-considerations"">Other Considerations</h4>
Patients may receive an initial low dose of a tricyclic, which is then increased over several days to the recommended steady-state dose. The starting dose in this guideline refers to the recommended steady-state dose. Dosing recommendations only apply to higher initial doses of TCAs for treatment of conditions such as depression. See other considerations for dosing recommendations for conditions where lower initial doses are used, such as neuropathic pain.",CPIC Guideline Annotation,chr10:94842866:A>G,,Hom,Test,trimipramine,曲米帕明
CYP2C19,voriconazole,*1/*1,rs3758581,test,test,1478.06,"0,46",1.0,Normal Metabolizer,"Initiate therapy with recommended standard of care dosing
<h4 id=""other-considerations"">Other Considerations</h4>
Further dose adjustments or selection of alternative therapy may be necessary due to other clinical factors, such as drug interactions, hepatic function, renal function, species, site of infection, therapeutic drug monitoring, and comorbidities.",CPIC Guideline Annotation,chr10:94842866:A>G,,Hom,Test,voriconazole,伏立康唑
CYP2C9,avatrombopag,*1/*1,,,,,,,Normal Metabolizer,.,FDA PGx Association,,,Hom,Test,avatrombopag,阿伐曲泊帕
CYP2C9,celecoxib,*1/*1,,,,,,,Normal Metabolizer,"Initiate therapy with recommended starting dose. In accordance with the prescribing information, use the lowest effective dosage for shortest duration consistent with individual patient treatment goals.",CPIC Guideline Annotation,,,Hom,Test,celecoxib,塞来昔布
CYP2C9,deuruxolitinib,*1/*1,,,,,,,Normal Metabolizer,.,FDA Label Annotation,,,Hom,Test,,
CYP2C9,dronabinol,*1/*1,,,,,,,Normal Metabolizer,.,FDA Label Annotation,,,Hom,Test,dronabinol,屈大麻酚
CYP2C9,erdafitinib,*1/*1,,,,,,,Normal Metabolizer,.,FDA Label Annotation,,,Hom,Test,erdafitinib,厄达替尼
CYP2C9,flurbiprofen,*1/*1,,,,,,,Normal Metabolizer,"Initiate therapy with recommended starting dose. In accordance with the prescribing information, use the lowest effective dosage for shortest duration consistent with individual patient treatment goals.",CPIC Guideline Annotation,,,Hom,Test,flurbiprofen,氟比洛芬
CYP2C9,fluvastatin,*1/*1,,,,,,,Normal Metabolizer,"Prescribe ≤40mg per day as a starting dose and adjust doses of fluvastatin based on disease-specific guidelines. If patient is tolerating 40mg per day but higher potency is needed, a higher dose (&gt;40mg) or an alternative statin or combination therapy (i.e. fluvastatin plus non-statin guideline directed medical therapy) (PMID: 30423391) could be considered. Prescriber should be aware of possible increased risk for myopathy with fluvastatin especially with doses &gt;40mg per day.
<h4 id=""other-considerations"">Other Considerations</h4>
The potential for drug-drug interactions and dose limits based on renal and hepatic function should be evaluated prior to initiating a statin. The effects of drug-drug interactions may be more pronounced resulting in a higher risk of myopathy.",CPIC Guideline Annotation,,,Hom,Test,fluvastatin,氟伐他汀
CYP2C9,fosphenytoin,*1/*1,,,,,,,Normal Metabolizer,"If the patient has previously used phenytoin continuously for longer than three months without incidence of cutaneous adverse reactions, cautiously consider use of phenytoin in the future. The latency period for drug-induced SJS/TEN is short with continuous dosing and adherence to therapy (4-28 days), and cases usually occur within three months of dosing.
<h4 id=""other-considerations"">Other Considerations</h4>
Previous tolerance of phenytoin is not indicative of tolerance to other aromatic anticonvulsants.",CPIC Guideline Annotation,,,Hom,Test,fosphenytoin,磷苯妥英
CYP2C9,ibuprofen,*1/*1,,,,,,,Normal Metabolizer,"Initiate therapy with recommended starting dose. In accordance with the prescribing information, use the lowest effective dosage for shortest duration consistent with individual patient treatment goals.",CPIC Guideline Annotation,,,Hom,Test,ibuprofen,布洛芬
CYP2C9,lesinurad,*1/*1,,,,,,,Normal Metabolizer,.,FDA Label Annotation,,,Hom,Test,lesinurad,雷西纳德
CYP2C9,lornoxicam,*1/*1,,,,,,,Normal Metabolizer,"Initiate therapy with recommended starting dose. In accordance with the prescribing information, use the lowest effective dosage for shortest duration consistent with individual patient treatment goals.",CPIC Guideline Annotation,,,Hom,Test,lornoxicam,氯诺昔康
CYP2C9,meloxicam,*1/*1,,,,,,,Normal Metabolizer,"Initiate therapy with recommended starting dose. In accordance with the prescribing information, use the lowest effective dosage for shortest duration consistent with individual patient treatment goals.",CPIC Guideline Annotation,,,Hom,Test,meloxicam,美洛昔康
CYP2C9,nateglinide,*1/*1,,,,,,,Normal Metabolizer,.,FDA PGx Association,,,Hom,Test,nateglinide,那格列奈
CYP2C9,phenytoin,*1/*1,,,,,,,Normal Metabolizer,"If the patient has previously used phenytoin continuously for longer than three months without incidence of cutaneous adverse reactions, cautiously consider use of phenytoin in the future. The latency period for drug-induced SJS/TEN is short with continuous dosing and adherence to therapy (4-28 days), and cases usually occur within three months of dosing.
<h4 id=""other-considerations"">Other Considerations</h4>
Previous tolerance of phenytoin is not indicative of tolerance to other aromatic anticonvulsants.",CPIC Guideline Annotation,,,Hom,Test,phenytoin,苯妥英
CYP2C9,piroxicam,*1/*1,,,,,,,Normal Metabolizer,"Initiate therapy with recommended starting dose. In accordance with the prescribing information, use the lowest effective dosage for shortest duration consistent with individual patient treatment goals.",CPIC Guideline Annotation,,,Hom,Test,piroxicam,吡罗昔康
CYP2C9,siponimod,*1/*1,,,,,,,Normal Metabolizer,The guideline does not provide a recommendation for siponimod in normal metabolizers.,DPWG Guideline Annotation,,,Hom,Test,siponimod,西尼莫德
CYP2C9,tenoxicam,*1/*1,,,,,,,Normal Metabolizer,"Initiate therapy with recommended starting dose. In accordance with the prescribing information, use the lowest effective dosage for shortest duration consistent with individual patient treatment goals.",CPIC Guideline Annotation,,,Hom,Test,tenoxicam,替诺昔康
CYP2C9,warfarin,*1/*1,,,,,,,Normal Metabolizer,The guideline does not provide a recommendation for warfarin in normal metabolizers.,CPIC Guideline Annotation,,,Hom,Test,warfarin,华法林
CYP2D6,acetaminophen / caffeine / dihydrocodeine,*1/*3,"rs1058164,rs1135840,rs1065852",test,test,"314.64,513.64,577.64","22,17;15,11;12,18",0.44;0.42;0.6,Intermediate Metabolizer,.,FDA Label Annotation,"chr22:42130692:G>A,chr22:42126611:C>G,chr22:42129130:C>G",,Het,Test,,
CYP2D6,amitriptyline,*1/*3,"rs1058164,rs1135840,rs1065852",test,test,"314.64,513.64,577.64","22,17;15,11;12,18",0.44;0.42;0.6,Intermediate Metabolizer,"Consider a 25% reduction of recommended starting dose. Utilize therapeutic drug monitoring to guide dose adjustments.
<h4 id=""other-considerations"">Other Considerations</h4>
Patients may receive an initial low dose of a tricyclic, which is then increased over several days to the recommended steady-state dose. The starting dose in this guideline refers to the recommended steady-state dose. Dosing recommendations only apply to higher initial doses of TCAs for treatment of conditions such as depression. See other considerations for dosing recommendations for conditions where lower initial doses are used, such as neuropathic pain.",CPIC Guideline Annotation,"chr22:42130692:G>A,chr22:42126611:C>G,chr22:42129130:C>G",,Het,Test,amitriptyline,阿米替林
CYP2D6,amoxapine,*1/*3,"rs1058164,rs1135840,rs1065852",test,test,"314.64,513.64,577.64","22,17;15,11;12,18",0.44;0.42;0.6,Intermediate Metabolizer,&quot;May alter systemic concentrations.&quot;,FDA PGx Association,"chr22:42130692:G>A,chr22:42126611:C>G,chr22:42129130:C>G",,Het,Test,amoxapine,阿莫沙平
CYP2D6,amphetamine,*1/*3,"rs1058164,rs1135840,rs1065852",test,test,"314.64,513.64,577.64","22,17;15,11;12,18",0.44;0.42;0.6,Intermediate Metabolizer,.,FDA PGx Association,"chr22:42130692:G>A,chr22:42126611:C>G,chr22:42129130:C>G",,Het,Test,amphetamine,苯丙胺
CYP2D6,aripiprazole,*1/*3,"rs1058164,rs1135840,rs1065852",test,test,"314.64,513.64,577.64","22,17;15,11;12,18",0.44;0.42;0.6,Intermediate Metabolizer,NO action is needed for this gene-drug interaction.,DPWG Guideline Annotation,"chr22:42130692:G>A,chr22:42126611:C>G,chr22:42129130:C>G",,Het,Test,aripiprazole,阿立哌唑
CYP2D6,aripiprazole lauroxil,*1/*3,"rs1058164,rs1135840,rs1065852",test,test,"314.64,513.64,577.64","22,17;15,11;12,18",0.44;0.42;0.6,Intermediate Metabolizer,.,FDA Label Annotation,"chr22:42130692:G>A,chr22:42126611:C>G,chr22:42129130:C>G",,Het,Test,aripiprazole lauroxil,阿立哌唑月桂酰氧基甲酯
CYP2D6,atomoxetine,*1/*3,"rs1058164,rs1135840,rs1065852",test,test,"314.64,513.64,577.64","22,17;15,11;12,18",0.44;0.42;0.6,Intermediate Metabolizer,"Initiate with a dose of 0.5 mg/kg/day and increase to 1.2 mg/kg/day after 3 days. If no clinical response and in the absence of adverse events after 2 weeks, consider obtaining a peak plasma concentration (1 to 2 hours after dose administered). If &lt; 200 ng/mL, consider a proportional increase in dose to approach 400 ng/mL.
<h4 id=""other-considerations"">Other Considerations</h4>
Therapeutic range of 200 to 1000 ng/mL has been proposed (PMID 29493375). Limited data are available regarding the relationship between atomoxetine plasma concentrations and clinical response. Available information suggests that clinical response is greater in poor metabolizers (PMs) compared to non-PMs and may be related to the higher plasma concentrations 1 to 1.5 hours after dosing in PMs compared to non-PMs administered a similar dose. Furthermore, modest improvement in response, defined as reduction in ADHD-rating scale, is observed at peak concentrations greater than 400 ng/mL.",CPIC Guideline Annotation,"chr22:42130692:G>A,chr22:42126611:C>G,chr22:42129130:C>G",,Het,Test,atomoxetine,托莫西汀
CYP2D6,brexpiprazole,*1/*3,"rs1058164,rs1135840,rs1065852",test,test,"314.64,513.64,577.64","22,17;15,11;12,18",0.44;0.42;0.6,Intermediate Metabolizer,NO action is required for this gene-drug interaction.,DPWG Guideline Annotation,"chr22:42130692:G>A,chr22:42126611:C>G,chr22:42129130:C>G",,Het,Test,brexpiprazole,布瑞哌唑
CYP2D6,carvedilol,*1/*3,"rs1058164,rs1135840,rs1065852",test,test,"314.64,513.64,577.64","22,17;15,11;12,18",0.44;0.42;0.6,Intermediate Metabolizer,.,FDA PGx Association,"chr22:42130692:G>A,chr22:42126611:C>G,chr22:42129130:C>G",,Het,Test,carvedilol,卡维地洛
CYP2D6,cevimeline,*1/*3,"rs1058164,rs1135840,rs1065852",test,test,"314.64,513.64,577.64","22,17;15,11;12,18",0.44;0.42;0.6,Intermediate Metabolizer,.,FDA Label Annotation,"chr22:42130692:G>A,chr22:42126611:C>G,chr22:42129130:C>G",,Het,Test,cevimeline,西维美林
CYP2D6,clomipramine,*1/*3,"rs1058164,rs1135840,rs1065852",test,test,"314.64,513.64,577.64","22,17;15,11;12,18",0.44;0.42;0.6,Intermediate Metabolizer,"Consider a 25% reduction of recommended starting dose. Utilize therapeutic drug monitoring to guide dose adjustments.
<h4 id=""other-considerations"">Other Considerations</h4>
Patients may receive an initial low dose of a tricyclic, which is then increased over several days to the recommended steady-state dose. The starting dose in this guideline refers to the recommended steady-state dose. Dosing recommendations only apply to higher initial doses of TCAs for treatment of conditions such as depression. See other considerations for dosing recommendations for conditions where lower initial doses are used, such as neuropathic pain.",CPIC Guideline Annotation,"chr22:42130692:G>A,chr22:42126611:C>G,chr22:42129130:C>G",,Het,Test,clomipramine,氯米帕明
CYP2D6,clozapine,*1/*3,"rs1058164,rs1135840,rs1065852",test,test,"314.64,513.64,577.64","22,17;15,11;12,18",0.44;0.42;0.6,Intermediate Metabolizer,.,FDA Label Annotation,"chr22:42130692:G>A,chr22:42126611:C>G,chr22:42129130:C>G",,Het,Test,clozapine,氯氮平
CYP2D6,codeine,*1/*3,"rs1058164,rs1135840,rs1065852",test,test,"314.64,513.64,577.64","22,17;15,11;12,18",0.44;0.42;0.6,Intermediate Metabolizer,"Use codeine label recommended age- or weight-specific dosing. If no response and opioid use is warranted, consider a non-tramadol opioid.",CPIC Guideline Annotation,"chr22:42130692:G>A,chr22:42126611:C>G,chr22:42129130:C>G",,Het,Test,codeine,可待因
CYP2D6,darifenacin,*1/*3,"rs1058164,rs1135840,rs1065852",test,test,"314.64,513.64,577.64","22,17;15,11;12,18",0.44;0.42;0.6,Intermediate Metabolizer,.,FDA PGx Association,"chr22:42130692:G>A,chr22:42126611:C>G,chr22:42129130:C>G",,Het,Test,darifenacin,达非那新
CYP2D6,desipramine,*1/*3,"rs1058164,rs1135840,rs1065852",test,test,"314.64,513.64,577.64","22,17;15,11;12,18",0.44;0.42;0.6,Intermediate Metabolizer,"Consider a 25% reduction of recommended starting dose. Titrate dose to observed clinical response with symptom improvement and minimal (if any) side effects. Utilize therapeutic drug monitoring to guide dose adjustments.
<h4 id=""other-considerations"">Other Considerations</h4>
Patients may receive an initial low dose of a tricyclic, which is then increased over several days to the recommended steady-state dose. The starting dose in this guideline refers to the recommended steady-state dose. Dosing recommendations only apply to higher initial doses of TCAs for treatment of conditions such as depression. See other considerations for dosing recommendations for conditions where lower initial doses are used, such as neuropathic pain.",CPIC Guideline Annotation,"chr22:42130692:G>A,chr22:42126611:C>G,chr22:42129130:C>G",,Het,Test,desipramine,地昔帕明
CYP2D6,deutetrabenazine,*1/*3,"rs1058164,rs1135840,rs1065852",test,test,"314.64,513.64,577.64","22,17;15,11;12,18",0.44;0.42;0.6,Intermediate Metabolizer,.,FDA Label Annotation,"chr22:42130692:G>A,chr22:42126611:C>G,chr22:42129130:C>G",,Het,Test,deutetrabenazine,氘丁苯那嗪
CYP2D6,dextromethorphan / quinidine,*1/*3,"rs1058164,rs1135840,rs1065852",test,test,"314.64,513.64,577.64","22,17;15,11;12,18",0.44;0.42;0.6,Intermediate Metabolizer,.,FDA Label Annotation,"chr22:42130692:G>A,chr22:42126611:C>G,chr22:42129130:C>G",,Het,Test,,
CYP2D6,dextromethorphan hydrobromide / bupropion hydrochloride,*1/*3,"rs1058164,rs1135840,rs1065852",test,test,"314.64,513.64,577.64","22,17;15,11;12,18",0.44;0.42;0.6,Intermediate Metabolizer,.,FDA Label Annotation,"chr22:42130692:G>A,chr22:42126611:C>G,chr22:42129130:C>G",,Het,Test,,
CYP2D6,donepezil,*1/*3,"rs1058164,rs1135840,rs1065852",test,test,"314.64,513.64,577.64","22,17;15,11;12,18",0.44;0.42;0.6,Intermediate Metabolizer,.,FDA PGx Association,"chr22:42130692:G>A,chr22:42126611:C>G,chr22:42129130:C>G",,Het,Test,donepezil,多奈哌齐
CYP2D6,doxepin,*1/*3,"rs1058164,rs1135840,rs1065852",test,test,"314.64,513.64,577.64","22,17;15,11;12,18",0.44;0.42;0.6,Intermediate Metabolizer,"Consider a 25% reduction of recommended starting dose. Utilize therapeutic drug monitoring to guide dose adjustments.
<h4 id=""other-considerations"">Other Considerations</h4>
Patients may receive an initial low dose of a tricyclic, which is then increased over several days to the recommended steady-state dose. The starting dose in this guideline refers to the recommended steady-state dose. Dosing recommendations only apply to higher initial doses of TCAs for treatment of conditions such as depression. See other considerations for dosing recommendations for conditions where lower initial doses are used, such as neuropathic pain.",CPIC Guideline Annotation,"chr22:42130692:G>A,chr22:42126611:C>G,chr22:42129130:C>G",,Het,Test,doxepin,多塞平
CYP2D6,eliglustat,*1/*3,"rs1058164,rs1135840,rs1065852",test,test,"314.64,513.64,577.64","22,17;15,11;12,18",0.44;0.42;0.6,Intermediate Metabolizer,"Co-medication with BOTH a MODERATE to STRONG CYP2D6 INHIBITOR AND a MODERATE to STRONG CYP3A INHIBITOR:
<ul>
<li>Eliglustat is contra-indicated. Choose an alternative if possible.</li>
</ul>
<em>Strong CYP2D6 inhibitor: for example paroxetine, fluoxetine, quinidine, bupropione. Moderate CYP2D6 inhibitor: for example duloxetine, terbinafine, moclobemide, mirabegron, cinacalcet, dronedarone. Strong CYP3A inhibitor: for example ketoconazole, clarithromycin, itraconazole, cobicistat, indinavir, lopinavir, ritonavir, saquinavir, telaprevir, tipranavir, posaconazole, voriconazole, telithromycin, conivaptan, boceprevir. Moderate CYP3A inhibitor: for example erythromycin, ciprofloxacin, fluconazole, diltiazem, verapamil, aprepitant, atazanavir, darunavir, fosamprenavir, imatinib, cimetidine.</em>
Co-medication with a STRONG CYP2D6 INHIBITOR (e.g. paroxetine, fluoxetine, quinidine, bupropione):
<ul>
<li>Use a dose of 84mg eliglustat 1x daily.</li>
</ul>
Co-medication with a MODERATE CYP2D6 INHIBITOR (for example duloxetine, terbinafine, moclobemide, mirabegron, cinacalcet, dronedarone):
<ul>
<li>Consider a dose of 84mg eliglustat 1x daily. Be alert to side effects.</li>
</ul>
Co-medication with a STRONG CYP3A INHIBITOR (for example ketoconazole, clarithromycin, itraconazole, cobicistat, indinavir, lopinavir, ritonavir, saquinavir, telaprevir, tipranavir, posaconazole, voriconazole, telithromycin, conivaptan, boceprevir):
<ul>
<li>Choose an alternative if possible.</li>
<li>If an alternative is not an option: consider a dose of 84 mg eliglustat 1x daily and be alert to side effects.</li>
</ul>
Co-medication with a MODERATE CYP3A INHIBITOR (for example erythromycin, ciprofloxacin, fluconazole, diltiazem, verapamil, aprepitant, atazanavir, darunavir, fosamprenavir, imatinib, cimetidine):
<ul>
<li>Choose an alternative.</li>
<li>If an alternative is not an option: consider a dose of 84mg eliglustat 1x daily and be alert to side effects.</li>
</ul>
Co-medication with a STRONG CYP3A INDUCER (for example rifampicin, carbamazepine, phenobarbital, phenytoin, rifabutine, hypericum): Eliglustat is not recommended. The plasma concentration may decrease so sharply that a therapeutic effect cannot be achieved.
<ul>
<li>Choose an alternative if possible.</li>
</ul>
NO co-medication with a moderate or strong CYP2D6 or CYP3A inhibitor or strong CYP3A inducer:
<ul>
<li>Use the standard dose of 84mg 2x daily.</li>
</ul>",DPWG Guideline Annotation,"chr22:42130692:G>A,chr22:42126611:C>G,chr22:42129130:C>G",,Het,Test,eliglustat,依利格鲁司
CYP2D6,fesoterodine,*1/*3,"rs1058164,rs1135840,rs1065852",test,test,"314.64,513.64,577.64","22,17;15,11;12,18",0.44;0.42;0.6,Intermediate Metabolizer,.,FDA PGx Association,"chr22:42130692:G>A,chr22:42126611:C>G,chr22:42129130:C>G",,Het,Test,fesoterodine,非索罗定
CYP2D6,flecainide,*1/*3,"rs1058164,rs1135840,rs1065852",test,test,"314.64,513.64,577.64","22,17;15,11;12,18",0.44;0.42;0.6,Intermediate Metabolizer,"Indications other than diagnosis of Brugada syndrome:
<ul>
<li>Reduce the dose to 75% of the standard dose and record an ECG and monitor the plasma concentration.</li>
</ul>
Provocation test for diagnosis of Brugada syndrome:
<ul>
<li>No action required. At a dose of 2.0 mg/kg body weight to a maximum of 150 mg, the response is better for patients with alleles that result in reduced activity. All 5 patients with these alleles and 20% of the patients with two fully active alleles exhibited a response within 30 minutes.</li>
</ul>",DPWG Guideline Annotation,"chr22:42130692:G>A,chr22:42126611:C>G,chr22:42129130:C>G",,Het,Test,flecainide,氟卡尼
CYP2D6,fluoxetine,*1/*3,"rs1058164,rs1135840,rs1065852",test,test,"314.64,513.64,577.64","22,17;15,11;12,18",0.44;0.42;0.6,Intermediate Metabolizer,.,FDA Label Annotation,"chr22:42130692:G>A,chr22:42126611:C>G,chr22:42129130:C>G",,Het,Test,fluoxetine,氟西汀
CYP2D6,fluvoxamine,*1/*3,"rs1058164,rs1135840,rs1065852",test,test,"314.64,513.64,577.64","22,17;15,11;12,18",0.44;0.42;0.6,Intermediate Metabolizer,Initiate therapy with recommended starting dose.,CPIC Guideline Annotation,"chr22:42130692:G>A,chr22:42126611:C>G,chr22:42129130:C>G",,Het,Test,fluvoxamine,氟伏沙明
CYP2D6,galantamine,*1/*3,"rs1058164,rs1135840,rs1065852",test,test,"314.64,513.64,577.64","22,17;15,11;12,18",0.44;0.42;0.6,Intermediate Metabolizer,.,FDA PGx Association,"chr22:42130692:G>A,chr22:42126611:C>G,chr22:42129130:C>G",,Het,Test,galantamine,加兰他敏
CYP2D6,gefitinib,*1/*3,"rs1058164,rs1135840,rs1065852",test,test,"314.64,513.64,577.64","22,17;15,11;12,18",0.44;0.42;0.6,Intermediate Metabolizer,.,FDA Label Annotation,"chr22:42130692:G>A,chr22:42126611:C>G,chr22:42129130:C>G",,Het,Test,gefitinib,吉非替尼
CYP2D6,haloperidol,*1/*3,"rs1058164,rs1135840,rs1065852",test,test,"314.64,513.64,577.64","22,17;15,11;12,18",0.44;0.42;0.6,Intermediate Metabolizer,NO action is required for this gene-drug interaction.,DPWG Guideline Annotation,"chr22:42130692:G>A,chr22:42126611:C>G,chr22:42129130:C>G",,Het,Test,haloperidol,氟哌啶醇
CYP2D6,hydrocodone,*1/*3,"rs1058164,rs1135840,rs1065852",test,test,"314.64,513.64,577.64","22,17;15,11;12,18",0.44;0.42;0.6,Intermediate Metabolizer,"Use hydrocodone label recommended age- or weight-specific dosing. If no response and opioid use is warranted, consider non-codeine or non-tramadol opioid.",CPIC Guideline Annotation,"chr22:42130692:G>A,chr22:42126611:C>G,chr22:42129130:C>G",,Het,Test,hydrocodone,氢可酮
CYP2D6,iloperidone,*1/*3,"rs1058164,rs1135840,rs1065852",test,test,"314.64,513.64,577.64","22,17;15,11;12,18",0.44;0.42;0.6,Intermediate Metabolizer,.,FDA Label Annotation,"chr22:42130692:G>A,chr22:42126611:C>G,chr22:42129130:C>G",,Het,Test,iloperidone,伊潘立酮
CYP2D6,imipramine,*1/*3,"rs1058164,rs1135840,rs1065852",test,test,"314.64,513.64,577.64","22,17;15,11;12,18",0.44;0.42;0.6,Intermediate Metabolizer,"Consider a 25% reduction of recommended starting dose. Utilize therapeutic drug monitoring to guide dose adjustments.
<h4 id=""other-considerations"">Other Considerations</h4>
Patients may receive an initial low dose of a tricyclic, which is then increased over several days to the recommended steady-state dose. The starting dose in this guideline refers to the recommended steady-state dose. Dosing recommendations only apply to higher initial doses of TCAs for treatment of conditions such as depression. See other considerations for dosing recommendations for conditions where lower initial doses are used, such as neuropathic pain.",CPIC Guideline Annotation,"chr22:42130692:G>A,chr22:42126611:C>G,chr22:42129130:C>G",,Het,Test,imipramine,丙米嗪
CYP2D6,lofexidine,*1/*3,"rs1058164,rs1135840,rs1065852",test,test,"314.64,513.64,577.64","22,17;15,11;12,18",0.44;0.42;0.6,Intermediate Metabolizer,.,FDA Label Annotation,"chr22:42130692:G>A,chr22:42126611:C>G,chr22:42129130:C>G",,Het,Test,lofexidine,洛非西定
CYP2D6,meclizine,*1/*3,"rs1058164,rs1135840,rs1065852",test,test,"314.64,513.64,577.64","22,17;15,11;12,18",0.44;0.42;0.6,Intermediate Metabolizer,"&quot;... when ANTIVERT® [meclizine] is administered to patients with CYP2D6 polymorphism, monitor for adverse reactions and clinical effect accordingly.&quot; See label for more information.",FDA Label Annotation,"chr22:42130692:G>A,chr22:42126611:C>G,chr22:42129130:C>G",,Het,Test,meclizine,美克洛嗪
CYP2D6,metoclopramide,*1/*3,"rs1058164,rs1135840,rs1065852",test,test,"314.64,513.64,577.64","22,17;15,11;12,18",0.44;0.42;0.6,Intermediate Metabolizer,.,FDA Label Annotation,"chr22:42130692:G>A,chr22:42126611:C>G,chr22:42129130:C>G",,Het,Test,metoclopramide,甲氧氯普胺
CYP2D6,metoprolol,*1/*3,"rs1058164,rs1135840,rs1065852",test,test,"314.64,513.64,577.64","22,17;15,11;12,18",0.44;0.42;0.6,Intermediate Metabolizer,Initiate standard dosing,CPIC Guideline Annotation,"chr22:42130692:G>A,chr22:42126611:C>G,chr22:42129130:C>G",,Het,Test,metoprolol,美托洛尔
CYP2D6,mirabegron,*1/*3,"rs1058164,rs1135840,rs1065852",test,test,"314.64,513.64,577.64","22,17;15,11;12,18",0.44;0.42;0.6,Intermediate Metabolizer,.,FDA PGx Association,"chr22:42130692:G>A,chr22:42126611:C>G,chr22:42129130:C>G",,Het,Test,mirabegron,米拉贝隆
CYP2D6,nebivolol,*1/*3,"rs1058164,rs1135840,rs1065852",test,test,"314.64,513.64,577.64","22,17;15,11;12,18",0.44;0.42;0.6,Intermediate Metabolizer,.,FDA PGx Association,"chr22:42130692:G>A,chr22:42126611:C>G,chr22:42129130:C>G",,Het,Test,nebivolol,奈必洛尔
CYP2D6,nortriptyline,*1/*3,"rs1058164,rs1135840,rs1065852",test,test,"314.64,513.64,577.64","22,17;15,11;12,18",0.44;0.42;0.6,Intermediate Metabolizer,"Consider a 25% reduction of recommended starting dose. Titrate dose to observed clinical response with symptom improvement and minimal (if any) side effects. Utilize therapeutic drug monitoring to guide dose adjustments.
<h4 id=""other-considerations"">Other Considerations</h4>
Patients may receive an initial low dose of a tricyclic, which is then increased over several days to the recommended steady-state dose. The starting dose in this guideline refers to the recommended steady-state dose. Dosing recommendations only apply to higher initial doses of tricyclic antidepressants for treatment of conditions such as depression. See other considerations for dosing recommendations for conditions where lower initial doses are used, such as neuropathic pain.",CPIC Guideline Annotation,"chr22:42130692:G>A,chr22:42126611:C>G,chr22:42129130:C>G",,Het,Test,nortriptyline,去甲替林
CYP2D6,oliceridine,*1/*3,"rs1058164,rs1135840,rs1065852",test,test,"314.64,513.64,577.64","22,17;15,11;12,18",0.44;0.42;0.6,Intermediate Metabolizer,.,FDA Label Annotation,"chr22:42130692:G>A,chr22:42126611:C>G,chr22:42129130:C>G",,Het,Test,oliceridine,奥利替啶
CYP2D6,ondansetron,*1/*3,"rs1058164,rs1135840,rs1065852",test,test,"314.64,513.64,577.64","22,17;15,11;12,18",0.44;0.42;0.6,Intermediate Metabolizer,"Insufficient evidence demonstrating clinical impact based on CYP2D6 genotype. Initiate therapy with recommended starting dose.
<h4 id=""other-considerations"">Other Considerations</h4>
Drug-drug interactions and other patient characteristics (e.g., age, renal function, and liver function) should be considered when selecting alternative therapy.",CPIC Guideline Annotation,"chr22:42130692:G>A,chr22:42126611:C>G,chr22:42129130:C>G",,Het,Test,ondansetron,昂丹司琼
CYP2D6,paroxetine,*1/*3,"rs1058164,rs1135840,rs1065852",test,test,"314.64,513.64,577.64","22,17;15,11;12,18",0.44;0.42;0.6,Intermediate Metabolizer,"Consider a lower starting dose and slower titration schedule as compared to normal metabolizers.
<h4 id=""other-considerations"">Other Considerations</h4>
Drug-drug interactions and other patient characteristics (e.g., age, renal function, liver function) should be considered when adjusting dose or selecting an alternative therapy.",CPIC Guideline Annotation,"chr22:42130692:G>A,chr22:42126611:C>G,chr22:42129130:C>G",,Het,Test,paroxetine,帕罗西汀
CYP2D6,perphenazine,*1/*3,"rs1058164,rs1135840,rs1065852",test,test,"314.64,513.64,577.64","22,17;15,11;12,18",0.44;0.42;0.6,Intermediate Metabolizer,.,FDA PGx Association,"chr22:42130692:G>A,chr22:42126611:C>G,chr22:42129130:C>G",,Het,Test,perphenazine,奋乃静
CYP2D6,pimozide,*1/*3,"rs1058164,rs1135840,rs1065852",test,test,"314.64,513.64,577.64","22,17;15,11;12,18",0.44;0.42;0.6,Intermediate Metabolizer,"Use no more than the following doses (80% of the normal maximum dose):
<ul>
<li>12 years and older: 16 mg/day</li>
<li>younger than 12 years: 0.08 mg/kg per day to a maximum of 3 mg/day</li>
</ul>",DPWG Guideline Annotation,"chr22:42130692:G>A,chr22:42126611:C>G,chr22:42129130:C>G",,Het,Test,pimozide,匹莫齐特
CYP2D6,pitolisant,*1/*3,"rs1058164,rs1135840,rs1065852",test,test,"314.64,513.64,577.64","22,17;15,11;12,18",0.44;0.42;0.6,Intermediate Metabolizer,.,FDA Label Annotation,"chr22:42130692:G>A,chr22:42126611:C>G,chr22:42129130:C>G",,Het,Test,pitolisant,替洛利生
CYP2D6,propafenone,*1/*3,"rs1058164,rs1135840,rs1065852",test,test,"314.64,513.64,577.64","22,17;15,11;12,18",0.44;0.42;0.6,Intermediate Metabolizer,"It is not possible to offer adequately substantiated recommendations for dose adjustment based on the literature.
<ul>
<li>Either guide the dose by therapeutic drug monitoring, perform an ECG and be alert to side effects.</li>
<li>Or choose an alternative. Antiarrhythmic drugs that are hardly if at all metabolised by CYP2D6 include, for example, sotalol, disopyramide, quinidine and amiodarone.</li>
</ul>",DPWG Guideline Annotation,"chr22:42130692:G>A,chr22:42126611:C>G,chr22:42129130:C>G",,Het,Test,propafenone,普罗帕酮
CYP2D6,propranolol,*1/*3,"rs1058164,rs1135840,rs1065852",test,test,"314.64,513.64,577.64","22,17;15,11;12,18",0.44;0.42;0.6,Intermediate Metabolizer,.,FDA PGx Association,"chr22:42130692:G>A,chr22:42126611:C>G,chr22:42129130:C>G",,Het,Test,propranolol,普萘洛尔
CYP2D6,protriptyline,*1/*3,"rs1058164,rs1135840,rs1065852",test,test,"314.64,513.64,577.64","22,17;15,11;12,18",0.44;0.42;0.6,Intermediate Metabolizer,.,FDA PGx Association,"chr22:42130692:G>A,chr22:42126611:C>G,chr22:42129130:C>G",,Het,Test,protriptyline,普罗替林
CYP2D6,risperidone,*1/*3,"rs1058164,rs1135840,rs1065852",test,test,"314.64,513.64,577.64","22,17;15,11;12,18",0.44;0.42;0.6,Intermediate Metabolizer,NO action is needed for this gene-drug interaction.,DPWG Guideline Annotation,"chr22:42130692:G>A,chr22:42126611:C>G,chr22:42129130:C>G",,Het,Test,risperidone,利培酮
CYP2D6,tamoxifen,*1/*3,"rs1058164,rs1135840,rs1065852",test,test,"314.64,513.64,577.64","22,17;15,11;12,18",0.44;0.42;0.6,Intermediate Metabolizer,"Consider hormonal therapy such as an aromatase inhibitor for postmenopausal women or aromatase inhibitor along with ovarian function suppression in premenopausal women, given that these approaches are superior to tamoxifen regardless of CYP2D6 genotype (PMID 26211827). If aromatase inhibitor use is contraindicated, consideration should be given to use a higher but FDA approved tamoxifen dose (40 mg/day)(PMID 27226358). Avoid CYP2D6 strong to weak inhibitors.",CPIC Guideline Annotation,"chr22:42130692:G>A,chr22:42126611:C>G,chr22:42129130:C>G",,Het,Test,tamoxifen,他莫昔芬
CYP2D6,tamsulosin,*1/*3,"rs1058164,rs1135840,rs1065852",test,test,"314.64,513.64,577.64","22,17;15,11;12,18",0.44;0.42;0.6,Intermediate Metabolizer,.,FDA Label Annotation,"chr22:42130692:G>A,chr22:42126611:C>G,chr22:42129130:C>G",,Het,Test,tamsulosin,坦索罗辛
CYP2D6,tetrabenazine,*1/*3,"rs1058164,rs1135840,rs1065852",test,test,"314.64,513.64,577.64","22,17;15,11;12,18",0.44;0.42;0.6,Intermediate Metabolizer,"&quot;Genotyped patients who are identified as extensive (EMs) or intermediate metabolizers (IMs) of
CYP2D6, who need doses of XENAZINE [tetrabenazine] above 50 mg per day, should be titrated up slowly at
weekly intervals by 12.5 mg daily, to allow the identification of a tolerated dose that reduces
chorea. Doses above 50 mg per day should be given in a three times a day regimen. The
maximum recommended daily dose is 100 mg and the maximum recommended single dose is
37.5 mg. If adverse reactions such as akathisia, parkinsonism, depression, insomnia, anxiety or
sedation occur, titration should be stopped and the dose should be reduced. If the adverse
reaction does not resolve, consideration should be given to withdrawing XENAZINE [tetrabenazine] treatment
or initiating other specific treatment.&quot; See label for more information",FDA Label Annotation,"chr22:42130692:G>A,chr22:42126611:C>G,chr22:42129130:C>G",,Het,Test,tetrabenazine,丁苯那嗪
CYP2D6,thioridazine,*1/*3,"rs1058164,rs1135840,rs1065852",test,test,"314.64,513.64,577.64","22,17;15,11;12,18",0.44;0.42;0.6,Intermediate Metabolizer,"&quot;...thioridazine is contraindicated...in patients, comprising about 7% of the normal population, who are known to have a genetic defect leading to reduced levels of activity of P450 2D6.&quot; See label for more information.",FDA Label Annotation,"chr22:42130692:G>A,chr22:42126611:C>G,chr22:42129130:C>G",,Het,Test,thioridazine,硫利达嗪
CYP2D6,tolterodine,*1/*3,"rs1058164,rs1135840,rs1065852",test,test,"314.64,513.64,577.64","22,17;15,11;12,18",0.44;0.42;0.6,Intermediate Metabolizer,.,FDA PGx Association,"chr22:42130692:G>A,chr22:42126611:C>G,chr22:42129130:C>G",,Het,Test,tolterodine,托特罗定
CYP2D6,tramadol,*1/*3,"rs1058164,rs1135840,rs1065852",test,test,"314.64,513.64,577.64","22,17;15,11;12,18",0.44;0.42;0.6,Intermediate Metabolizer,"Use tramadol label recommended age- or weight-specific dosing. If no response and opioid use is warranted, consider non-codeine opioid.",CPIC Guideline Annotation,"chr22:42130692:G>A,chr22:42126611:C>G,chr22:42129130:C>G",,Het,Test,tramadol,曲马多
CYP2D6,trimipramine,*1/*3,"rs1058164,rs1135840,rs1065852",test,test,"314.64,513.64,577.64","22,17;15,11;12,18",0.44;0.42;0.6,Intermediate Metabolizer,"Consider a 25% reduction of recommended starting dose. Utilize therapeutic drug monitoring to guide dose adjustments.
<h4 id=""other-considerations"">Other Considerations</h4>
Patients may receive an initial low dose of a tricyclic, which is then increased over several days to the recommended steady-state dose. The starting dose in this guideline refers to the recommended steady-state dose. Dosing recommendations only apply to higher initial doses of TCAs for treatment of conditions such as depression. See other considerations for dosing recommendations for conditions where lower initial doses are used, such as neuropathic pain.",CPIC Guideline Annotation,"chr22:42130692:G>A,chr22:42126611:C>G,chr22:42129130:C>G",,Het,Test,trimipramine,曲米帕明
CYP2D6,tropisetron,*1/*3,"rs1058164,rs1135840,rs1065852",test,test,"314.64,513.64,577.64","22,17;15,11;12,18",0.44;0.42;0.6,Intermediate Metabolizer,"Insufficient evidence demonstrating clinical impact based on CYP2D6 genotype. Initiate therapy with recommended starting dose.
<h4 id=""other-considerations"">Other Considerations</h4>
Drug-drug interactions and other patient characteristics (e.g., age, renal function, and liver function) should be considered when selecting alternative therapy.",CPIC Guideline Annotation,"chr22:42130692:G>A,chr22:42126611:C>G,chr22:42129130:C>G",,Het,Test,tropisetron,托烷司琼
CYP2D6,valbenazine,*1/*3,"rs1058164,rs1135840,rs1065852",test,test,"314.64,513.64,577.64","22,17;15,11;12,18",0.44;0.42;0.6,Intermediate Metabolizer,.,FDA Label Annotation,"chr22:42130692:G>A,chr22:42126611:C>G,chr22:42129130:C>G",,Het,Test,valbenazine,缬苯那嗪
CYP2D6,venlafaxine,*1/*3,"rs1058164,rs1135840,rs1065852",test,test,"314.64,513.64,577.64","22,17;15,11;12,18",0.44;0.42;0.6,Intermediate Metabolizer,No action recommended based on genotype for venlafaxine because of minimal evidence regarding the impact on efficacy or side effects.,CPIC Guideline Annotation,"chr22:42130692:G>A,chr22:42126611:C>G,chr22:42129130:C>G",,Het,Test,venlafaxine,文拉法辛
CYP2D6,viloxazine,*1/*3,"rs1058164,rs1135840,rs1065852",test,test,"314.64,513.64,577.64","22,17;15,11;12,18",0.44;0.42;0.6,Intermediate Metabolizer,.,FDA PGx Association,"chr22:42130692:G>A,chr22:42126611:C>G,chr22:42129130:C>G",,Het,Test,viloxazine,维洛沙嗪
CYP2D6,vortioxetine,*1/*3,"rs1058164,rs1135840,rs1065852",test,test,"314.64,513.64,577.64","22,17;15,11;12,18",0.44;0.42;0.6,Intermediate Metabolizer,Initiate therapy with recommended starting dose.,CPIC Guideline Annotation,"chr22:42130692:G>A,chr22:42126611:C>G,chr22:42129130:C>G",,Het,Test,vortioxetine,伏硫西汀
CYP2D6,zuclopenthixol,*1/*3,"rs1058164,rs1135840,rs1065852",test,test,"314.64,513.64,577.64","22,17;15,11;12,18",0.44;0.42;0.6,Intermediate Metabolizer,Use 75% of the normal dose.,DPWG Guideline Annotation,"chr22:42130692:G>A,chr22:42126611:C>G,chr22:42129130:C>G",,Het,Test,zuclopenthixol,珠氯噻醇
CYP3A4,quetiapine,*1/*1,,,,,,,Normal Metabolizer,The guideline does not provide a recommendation for quetiapine in normal metabolizers.,DPWG Guideline Annotation,,,Hom,Test,quetiapine,喹硫平
CYP3A5,tacrolimus,*3/*3,rs776746,test,test,1807.06,"0,52",1.0,Poor Metabolizer,"Initiate therapy with standard recommended dose. Use therapeutic drug monitoring to guide dose adjustments.
<h4 id=""other-considerations"">Other Considerations</h4>
This recommendation includes the use of tacrolimus in kidney, heart, lung and hematopoietic stem cell transplant patients, and liver transplant patients where the donor and recipient genotypes are identical. Typically with other CYP enzymes, a normal metabolizer would be classified as having normal metabolism, and therefore, the drug dose would not change based on the patient’s genotype. However, in the case of CYP3A5 and tacrolimus, a CYP3A5 expresser (i.e., CYP3A5 normal metabolizer or intermediate metabolizer) would require a higher recommended starting dose and the CYP3A5 non-expresser (i.e., poor metabolizer) would require the standard recommended starting dose.",CPIC Guideline Annotation,chr7:99672916:T>C,,Hom,Test,tacrolimus,他克莫司
CYP4F2,warfarin,*1/*17,rs4020346,test,test,56.64,"39,7",0.15,,,CPIC Guideline Annotation,chr19:15878920:T>C,,Het,Test,warfarin,华法林
DPYD,capecitabine,c.1627A>G (*5) (heterozygous),rs1801159,test,test,560.64,"21,18",0.46,n/a,"Based on genotype, there is no indication to change dose or therapy. Use label-recommended dosage and administration.",CPIC Guideline Annotation,chr1:97515839:T>C,,,Test,capecitabine,卡培他滨
DPYD,flucytosine,c.1627A>G (*5) (heterozygous),rs1801159,test,test,560.64,"21,18",0.46,n/a,The guideline does not provide a recommendation for flucytosine in patients with a DPYD activity score of 2.,DPWG Guideline Annotation,chr1:97515839:T>C,,,Test,flucytosine,氟胞嘧啶
DPYD,fluorouracil,c.1627A>G (*5) (heterozygous),rs1801159,test,test,560.64,"21,18",0.46,n/a,"Based on genotype, there is no indication to change dose or therapy. Use label-recommended dosage and administration.",CPIC Guideline Annotation,chr1:97515839:T>C,,,Test,fluorouracil,氟尿嘧啶
DPYD,tegafur,c.1627A>G (*5) (heterozygous),rs1801159,test,test,560.64,"21,18",0.46,n/a,The guideline does not provide a recommendation for tegafur in patients with a DPYD activity score of 2.,DPWG Guideline Annotation,chr1:97515839:T>C,,,Test,tegafur,替加氟
G6PD,articaine / epinephrine,B (reference)/B (reference),,,,,,,Normal,.,FDA Label Annotation,,,Hom,Test,,
G6PD,bupivacaine,B (reference)/B (reference),,,,,,,Normal,.,FDA Label Annotation,,,Hom,Test,bupivacaine,布比卡因
G6PD,chloroquine,B (reference)/B (reference),,,,,,,Normal,.,FDA Label Annotation,,,Hom,Test,chloroquine,氯喹
G6PD,chlorpropamide,B (reference)/B (reference),,,,,,,Normal,.,FDA Label Annotation,,,Hom,Test,chlorpropamide,氯磺丙脲
G6PD,dabrafenib,B (reference)/B (reference),,,,,,,Normal,.,FDA Label Annotation,,,Hom,Test,dabrafenib,达拉非尼
G6PD,dapsone,B (reference)/B (reference),,,,,,,Normal,No reason to avoid based on G6PD status,CPIC Guideline Annotation,,,Hom,Test,dapsone,氨苯砜
G6PD,flutamide,B (reference)/B (reference),,,,,,,Normal,.,FDA Label Annotation,,,Hom,Test,flutamide,氟他胺
G6PD,glimepiride,B (reference)/B (reference),,,,,,,Normal,.,FDA Label Annotation,,,Hom,Test,glimepiride,格列美脲
G6PD,glipizide,B (reference)/B (reference),,,,,,,Normal,.,FDA Label Annotation,,,Hom,Test,glipizide,格列吡嗪
G6PD,glyburide,B (reference)/B (reference),,,,,,,Normal,.,FDA Label Annotation,,,Hom,Test,glyburide,格列本脲
G6PD,hydroxychloroquine,B (reference)/B (reference),,,,,,,Normal,.,FDA Label Annotation,,,Hom,Test,hydroxychloroquine,羟氯喹
G6PD,lidocaine / prilocaine,B (reference)/B (reference),,,,,,,Normal,.,FDA Label Annotation,,,Hom,Test,,
G6PD,lidocaine and tetracaine,B (reference)/B (reference),,,,,,,Normal,.,FDA Label Annotation,,,Hom,Test,,
G6PD,mepivacaine,B (reference)/B (reference),,,,,,,Normal,.,FDA Label Annotation,,,Hom,Test,mepivacaine,甲哌卡因
G6PD,methylene blue,B (reference)/B (reference),,,,,,,Normal,No reason to avoid based on G6PD status,CPIC Guideline Annotation,,,Hom,Test,methylene blue,亚甲蓝
G6PD,moviprep,B (reference)/B (reference),,,,,,,Normal,.,FDA Label Annotation,,,Hom,Test,moviprep,复方聚乙二醇电解质
G6PD,nalidixic acid,B (reference)/B (reference),,,,,,,Normal,.,FDA Label Annotation,,,Hom,Test,nalidixic acid,萘啶酸
G6PD,nitrofurantoin,B (reference)/B (reference),,,,,,,Normal,No reason to avoid based on G6PD status,CPIC Guideline Annotation,,,Hom,Test,nitrofurantoin,呋喃妥因
G6PD,oxymetazoline and tetracaine,B (reference)/B (reference),,,,,,,Normal,.,FDA Label Annotation,,,Hom,Test,,
G6PD,pegloticase,B (reference)/B (reference),,,,,,,Normal,No reason to avoid based on G6PD status,CPIC Guideline Annotation,,,Hom,Test,pegloticase,聚乙二醇化尿酸酶
G6PD,primaquine,B (reference)/B (reference),,,,,,,Normal,No reason to avoid based on G6PD status,CPIC Guideline Annotation,,,Hom,Test,primaquine,伯氨喹
G6PD,rasburicase,B (reference)/B (reference),,,,,,,Normal,No reason to avoid based on G6PD status,CPIC Guideline Annotation,,,Hom,Test,rasburicase,拉布立酶
G6PD,ropivacaine,B (reference)/B (reference),,,,,,,Normal,.,FDA Label Annotation,,,Hom,Test,,
G6PD,sodium ascorbate,B (reference)/B (reference),,,,,,,Normal,.,FDA Label Annotation,,,Hom,Test,sodium ascorbate,抗坏血酸钠
G6PD,sodium nitrite,B (reference)/B (reference),,,,,,,Normal,.,FDA Label Annotation,,,Hom,Test,sodium nitrite,亚硝酸钠
G6PD,sulfasalazine,B (reference)/B (reference),,,,,,,Normal,.,FDA Label Annotation,,,Hom,Test,sulfasalazine,柳氮磺吡啶
G6PD,tafenoquine,B (reference)/B (reference),,,,,,,Normal,"No reason to avoid based on G6PD status
<h4 id=""other-considerations"">Other Considerations</h4>
Tafenoquine’s safety has been established for a G6PD enzyme activity ≥70% of normal. (Inclusion criteria for clinical trials involving tafenoquine included G6PD activity ≥70%.)",CPIC Guideline Annotation,,,Hom,Test,tafenoquine,他非诺喹
G6PD,tolazamide,B (reference)/B (reference),,,,,,,Normal,.,FDA Label Annotation,,,Hom,Test,tolazamide,妥拉磺脲
G6PD,tolbutamide,B (reference)/B (reference),,,,,,,Normal,.,FDA Label Annotation,,,Hom,Test,tolbutamide,甲苯磺丁脲
G6PD,toluidine blue,B (reference)/B (reference),,,,,,,Normal,"No reason to avoid based on G6PD status
<h4 id=""other-considerations"">Other Considerations</h4>
Toluidine blue classification strength is based on extrapolation from methylene blue data",CPIC Guideline Annotation,,,Hom,Test,toluidine blue,甲苯胺蓝
HLA-A,carbamazepine,*31:01/*31:01,,,,,,,*31:01 positive,"If patient is carbamazepine-naïve, do not use carbamazepine.
<h4 id=""other-considerations"">Other Considerations</h4>
Other aromatic anticonvulsants have weaker evidence linking SJS/TEN with the HLA-B*15:02 allele; however, caution should still be used in choosing an alternative agent. Previous tolerance of carbamazepine is not indicative of tolerance to other aromatic anticonvulsants. Aromatic anticonvulsants include carbamazepine, oxcarbazepine, eslicarbazepine, lamotrigine, phenytoin, fosphenytoin, and phenobarbital. In addition to HLA-B*15:02, risk for carbamazepine-induced SJS/TEN has been reported in association with the most common B75 serotype alleles in Southeast Asia, HLA-B*15:08, HLA-B*15:11, and HLA-B*15:21. Although not described, the possibility of carbamazepine-induced SJS/TEN in association with less frequently carried B75 serotype alleles, such as HLA-B*15:30 and HLA-B*15:31, should also be considered.",CPIC Guideline Annotation,,,Hom,Test,carbamazepine,卡马西平
HLA-B,abacavir,*15:02/*57:01,,,,,,,"*15:02 positive,*57:01 positive,*58:01 negative",Abacavir is not recommended,CPIC Guideline Annotation,,,Het,Test,abacavir,阿巴卡韦
HLA-B,allopurinol,*15:02/*57:01,,,,,,,"*15:02 positive,*57:01 positive,*58:01 negative",Use allopurinol per standard dosing guidelines,CPIC Guideline Annotation,,,Het,Test,allopurinol,别嘌醇
HLA-B,carbamazepine,*15:02/*57:01,,,,,,,"*15:02 positive,*57:01 positive,*58:01 negative","The latency period for drug-induced SJS/TEN is short with continuous dosing and adherence to therapy (~4-28 days), and cases usually occur within three months of dosing; therefore, if the patient has previously used carbamazepine consistently for longer than three months without incidence of cutaneous adverse reactions, cautiously consider use of carbamazepine in the future.
<h4 id=""other-considerations"">Other Considerations</h4>
Previous tolerance of carbamazepine is not indicative of tolerance to other aromatic anticonvulsants. Aromatic anticonvulsants include carbamazepine, oxcarbazepine, eslicarbazepine, lamotrigine, phenytoin, fosphenytoin, and phenobarbital. In addition to HLA-B*15:02, risk for carbamazepine-induced SJS/TEN has been reported in association with the most common B75 serotype alleles in Southeast Asia, HLA-B*15:08, HLA-B*15:11, and HLA-B*15:21. Although not described, the possibility of carbamazepine-induced SJS/TEN in association with less frequently carried B75 serotype alleles, such as HLA-B*15:30 and HLA-B*15:31, should also be considered.",CPIC Guideline Annotation,,,Het,Test,carbamazepine,卡马西平
HLA-B,flucloxacillin,*15:02/*57:01,,,,,,,"*15:02 positive,*57:01 positive,*58:01 negative","<ol>
<li>Regularly monitor the patient’s liver function</li>
<li>Choose an alternative if liver enzymes and/or bilirubin levels are elevated</li>
</ol>",DPWG Guideline Annotation,,,Het,Test,flucloxacillin,氟氯西林
HLA-B,fosphenytoin,*15:02/*57:01,,,,,,,"*15:02 positive,*57:01 positive,*58:01 negative","If patient is phenytoin-naive, do not use phenytoin/fosphenytoin. Avoid carbamazepine and oxcarbazepine.
<h4 id=""other-considerations"">Other Considerations</h4>
Other aromatic anticonvulsants, including eslicarbazepine, lamotrigine, and phenobarbital, have weaker evidence linking SJS/TEN with the HLA-B*15:02 allele; however, caution should still be used in choosing an alternative agent.",CPIC Guideline Annotation,,,Het,Test,fosphenytoin,磷苯妥英
HLA-B,lamotrigine,*15:02/*57:01,,,,,,,"*15:02 positive,*57:01 positive,*58:01 negative","<ul>
<li>Carefully weigh the risk of SJS/TEN against the benefits.</li>
<li>Avoid lamotrigine if an alternative is possible.
Carbamazepine carries a much higher risk of SJS/TEN in these patients and is therefore not an alternative.
A similar risk has been reported for phenytoin as for lamotrigine. The same applies to oxcarbazepine, but the most severe forms (SJS/TEN overlap and TEN) have not been observed with oxcarbazepine.</li>
<li>If it is not possible to avoid lamotrigine, advise the patient to report any skin rash immediately.</li>
</ul>",DPWG Guideline Annotation,,,Het,Test,lamotrigine,拉莫三嗪
HLA-B,oxcarbazepine,*15:02/*57:01,,,,,,,"*15:02 positive,*57:01 positive,*58:01 negative","If patient is oxcarbazepine-naïve, do not use oxcarbazepine.
<h4 id=""other-considerations"">Other Considerations</h4>
Other aromatic anticonvulsants have weaker evidence linking SJS/TEN with the HLA-B*15:02 allele; however, caution should still be used in choosing an alternative agent. Aromatic anticonvulsants include carbamazepine, oxcarbazepine, eslicarbazepine, lamotrigine, phenytoin, fosphenytoin, and phenobarbital.",CPIC Guideline Annotation,,,Het,Test,oxcarbazepine,奥卡西平
HLA-B,pazopanib,*15:02/*57:01,,,,,,,"*15:02 positive,*57:01 positive,*58:01 negative",&quot;May result in higher adverse reaction risk (liver enzyme elevations). Monitor liver function tests regardless of genotype.&quot;,FDA PGx Association,,,Het,Test,pazopanib,帕唑帕尼
HLA-B,phenytoin,*15:02/*57:01,,,,,,,"*15:02 positive,*57:01 positive,*58:01 negative","If patient is phenytoin-naive, do not use phenytoin/fosphenytoin. Avoid carbamazepine and oxcarbazepine.
<h4 id=""other-considerations"">Other Considerations</h4>
Other aromatic anticonvulsants, including eslicarbazepine, lamotrigine, and phenobarbital, have weaker evidence linking SJS/TEN with the HLA-B*15:02 allele; however, caution should still be used in choosing an alternative agent.",CPIC Guideline Annotation,,,Het,Test,phenytoin,苯妥英
IFNL3,peginterferon alfa-2a,rs12979860 reference (C)/rs12979860 reference (C),,,,,,,n/a,.,CPIC Guideline Annotation,,,Hom,Test,peginterferon alfa-2a,聚乙二醇干扰素α-2a
IFNL3,peginterferon alfa-2b,rs12979860 reference (C)/rs12979860 reference (C),,,,,,,n/a,.,CPIC Guideline Annotation,,,Hom,Test,peginterferon alfa-2b,聚乙二醇干扰素α-2b
IFNL3,ribavirin,rs12979860 reference (C)/rs12979860 reference (C),,,,,,,n/a,.,CPIC Guideline Annotation,,,Hom,Test,ribavirin,利巴韦林
MT-RNR1,amikacin,Unknown,,,,,,,No Result,.,CPIC Guideline Annotation,,,,Test,amikacin,阿米卡星
MT-RNR1,dibekacin,Unknown,,,,,,,No Result,.,CPIC Guideline Annotation,,,,Test,dibekacin,地贝卡星
MT-RNR1,gentamicin,Unknown,,,,,,,No Result,.,CPIC Guideline Annotation,,,,Test,gentamicin,庆大霉素
MT-RNR1,kanamycin,Unknown,,,,,,,No Result,.,CPIC Guideline Annotation,,,,Test,kanamycin,卡那霉素
MT-RNR1,neomycin,Unknown,,,,,,,No Result,.,CPIC Guideline Annotation,,,,Test,neomycin,新霉素
MT-RNR1,netilmicin,Unknown,,,,,,,No Result,.,CPIC Guideline Annotation,,,,Test,netilmicin,奈替米星
MT-RNR1,paromomycin,Unknown,,,,,,,No Result,.,CPIC Guideline Annotation,,,,Test,paromomycin,巴龙霉素
MT-RNR1,plazomicin,Unknown,,,,,,,No Result,.,CPIC Guideline Annotation,,,,Test,plazomicin,普拉佐米星
MT-RNR1,ribostamycin,Unknown,,,,,,,No Result,.,CPIC Guideline Annotation,,,,Test,ribostamycin,核糖霉素
MT-RNR1,streptomycin,Unknown,,,,,,,No Result,.,CPIC Guideline Annotation,,,,Test,streptomycin,链霉素
MT-RNR1,tobramycin,Unknown,,,,,,,No Result,.,CPIC Guideline Annotation,,,,Test,tobramycin,妥布霉素
NUDT15,azathioprine,*1/*1,,,,,,,Normal Metabolizer,"Start with normal starting dose (e.g., 2-3 mg/kg/day) and adjust doses of azathioprine based on disease-specific guidelines. Allow 2 weeks to reach steady-state after each dose adjustment (PMID 20354201, 11302950, 15606506).
<h4 id=""other-considerations"">Other Considerations</h4>
Normal starting doses vary by race/ethnicity and treatment regimens. If standard dose is below normal recommended dose, dose reduction might not be recommended for intermediate metabolizers.",CPIC Guideline Annotation,,,Hom,Test,azathioprine,硫唑嘌呤
NUDT15,mercaptopurine,*1/*1,,,,,,,Normal Metabolizer,"Start with normal starting dose (e.g., 75 mg/m2/day or 1.5 mg/kg/day) and adjust doses of mercaptopurine (and of any other myelosuppressive therapy) without any special emphasis on mercaptopurine compared to other agents. Allow at least 2 weeks to reach steady-state after each dose adjustment (PMID 20354201, 16401827, 11302950).
<h4 id=""other-considerations"">Other Considerations</h4>
Normal starting doses vary by race/ethnicity and treatment regimens. If standard dose is below normal recommended dose, dose reduction might not be recommended for intermediate metabolizers.",CPIC Guideline Annotation,,,Hom,Test,mercaptopurine,巯嘌呤
NUDT15,thioguanine,*1/*1,,,,,,,Normal Metabolizer,"Start with normal starting dose (e.g., 40-60 mg/m2/day) and adjust doses of thioguanine and of other myelosuppressive therapy without any special emphasis on thioguanine. Allow 2 weeks to reach steady-state after each dose adjustment (PMID 20354201, 11037857).
<h4 id=""other-considerations"">Other Considerations</h4>
Normal starting doses vary by race/ethnicity and treatment regimens. If standard dose is below normal recommended dose, dose reduction might not be recommended for intermediate metabolizers.",CPIC Guideline Annotation,,,Hom,Test,thioguanine,硫鸟嘌呤
RYR1,desflurane,c.11266C>G (heterozygous),rs4802584,test,test,839.64,"18,25",0.58,Uncertain Susceptibility,"Clinical findings, family history, further genetic testing and other laboratory data should guide use of halogenated volatile anesthetics or depolarizing muscle relaxants.",CPIC Guideline Annotation,chr19:38534726:C>G,,,Test,desflurane,地氟烷
RYR1,enflurane,c.11266C>G (heterozygous),rs4802584,test,test,839.64,"18,25",0.58,Uncertain Susceptibility,"Clinical findings, family history, further genetic testing and other laboratory data should guide use of halogenated volatile anesthetics or depolarizing muscle relaxants.",CPIC Guideline Annotation,chr19:38534726:C>G,,,Test,enflurane,恩氟烷
RYR1,halothane,c.11266C>G (heterozygous),rs4802584,test,test,839.64,"18,25",0.58,Uncertain Susceptibility,"Clinical findings, family history, further genetic testing and other laboratory data should guide use of halogenated volatile anesthetics or depolarizing muscle relaxants.",CPIC Guideline Annotation,chr19:38534726:C>G,,,Test,halothane,氟烷
RYR1,isoflurane,c.11266C>G (heterozygous),rs4802584,test,test,839.64,"18,25",0.58,Uncertain Susceptibility,"Clinical findings, family history, further genetic testing and other laboratory data should guide use of halogenated volatile anesthetics or depolarizing muscle relaxants.",CPIC Guideline Annotation,chr19:38534726:C>G,,,Test,isoflurane,异氟烷
RYR1,methoxyflurane,c.11266C>G (heterozygous),rs4802584,test,test,839.64,"18,25",0.58,Uncertain Susceptibility,"Clinical findings, family history, further genetic testing and other laboratory data should guide use of halogenated volatile anesthetics or depolarizing muscle relaxants.",CPIC Guideline Annotation,chr19:38534726:C>G,,,Test,methoxyflurane,甲氧氟烷
RYR1,sevoflurane,c.11266C>G (heterozygous),rs4802584,test,test,839.64,"18,25",0.58,Uncertain Susceptibility,"Clinical findings, family history, further genetic testing and other laboratory data should guide use of halogenated volatile anesthetics or depolarizing muscle relaxants.",CPIC Guideline Annotation,chr19:38534726:C>G,,,Test,sevoflurane,七氟烷
RYR1,succinylcholine,c.11266C>G (heterozygous),rs4802584,test,test,839.64,"18,25",0.58,Uncertain Susceptibility,"Clinical findings, family history, further genetic testing and other laboratory data should guide use of halogenated volatile anesthetics or depolarizing muscle relaxants.",CPIC Guideline Annotation,chr19:38534726:C>G,,,Test,succinylcholine,琥珀胆碱
SLCO1B1,atorvastatin,*15/*15,"rs2306283,rs4149056",test,test,"1829.06,1536.06","0,55;0,47",1.0,Poor Function,"Prescribe ≤20mg as a starting dose and adjust doses of atorvastatin based on disease-specific guidelines. If dose &gt;20mg is needed for desired efficacy, consider rosuvastatin or combination therapy (i.e., atorvastatin plus non-statin guideline directed medical therapy) (PMID: 30423391).
<h4 id=""other-considerations"">Other Considerations</h4>
The potential for drug-drug interactions and dose limits based on renal and hepatic function should be evaluated prior to initiating a statin. The effects of drug-drug interactions may be more pronounced resulting in a higher risk of myopathy.",CPIC Guideline Annotation,"chr12:21178615:T>C,chr12:21176804:A>G",,Hom,Test,atorvastatin,阿托伐他汀
SLCO1B1,elagolix,*15/*15,"rs2306283,rs4149056",test,test,"1829.06,1536.06","0,55;0,47",1.0,Poor Function,&quot;Results in higher systemic concentrations.&quot;,FDA PGx Association,"chr12:21178615:T>C,chr12:21176804:A>G",,Hom,Test,elagolix,艾拉戈利
SLCO1B1,fluvastatin,*15/*15,"rs2306283,rs4149056",test,test,"1829.06,1536.06","0,55;0,47",1.0,Poor Function,"Prescribe ≤40mg per day as a starting dose and adjust doses of fluvastatin based on disease-specific guidelines. If patient is tolerating 40mg per day but higher potency is needed, a higher dose (&gt;40mg) or an alternative statin or combination therapy (i.e. fluvastatin plus non-statin guideline directed medical therapy) (PMID: 30423391) could be considered. Prescriber should be aware of possible increased risk for myopathy with fluvastatin especially with doses &gt;40mg per day.
<h4 id=""other-considerations"">Other Considerations</h4>
The potential for drug-drug interactions and dose limits based on renal and hepatic function should be evaluated prior to initiating a statin. The effects of drug-drug interactions may be more pronounced resulting in a higher risk of myopathy.",CPIC Guideline Annotation,"chr12:21178615:T>C,chr12:21176804:A>G",,Hom,Test,fluvastatin,氟伐他汀
SLCO1B1,lovastatin,*15/*15,"rs2306283,rs4149056",test,test,"1829.06,1536.06","0,55;0,47",1.0,Poor Function,"Prescribe an alternative statin depending on the desired potency (see Figure 1 of PMID: 35152405 for recommendations for alternative statins).
<h4 id=""other-considerations"">Other Considerations</h4>
The potential for drug-drug interactions and dose limits based on renal and hepatic function should be evaluated prior to initiating a statin. The effects of drug-drug interactions may be more pronounced resulting in a higher risk of myopathy.",CPIC Guideline Annotation,"chr12:21178615:T>C,chr12:21176804:A>G",,Hom,Test,lovastatin,洛伐他汀
SLCO1B1,pitavastatin,*15/*15,"rs2306283,rs4149056",test,test,"1829.06,1536.06","0,55;0,47",1.0,Poor Function,"Prescribe ≤1mg as a starting dose and adjust doses of pitavastatin based on disease-specific guidelines. If dose &gt;1mg needed for desired efficacy, consider an alternative statin (see Figure 1 of PMID: 35152405 for recommendations for alternative statins) or combination therapy (i.e. pitavastatin plus non-statin guideline directed medical therapy)(PMID: 30423391).
<h4 id=""other-considerations"">Other Considerations</h4>
The potential for drug-drug interactions and dose limits based on renal and hepatic function should be evaluated prior to initiating a statin. The effects of drug-drug interactions may be more pronounced resulting in a higher risk of myopathy.",CPIC Guideline Annotation,"chr12:21178615:T>C,chr12:21176804:A>G",,Hom,Test,pitavastatin,匹伐他汀
SLCO1B1,pravastatin,*15/*15,"rs2306283,rs4149056",test,test,"1829.06,1536.06","0,55;0,47",1.0,Poor Function,"Prescribe ≤40mg as a starting dose and adjust doses of pravastatin based on disease-specific guidelines. If patient is tolerating 40mg dose but higher potency is needed, a higher dose (&gt;40mg) or an alternative statin (see Figure 1 of of PMID: 35152405 for recommendations for alternative statins) or combination therapy (i.e. pravastatin plus non-statin guideline directed medical therapy)(PMID: 30423391) could be considered. Prescriber should be aware of possible increased risk for myopathy especially with pravastatin doses &gt;40mg.
<h4 id=""other-considerations"">Other Considerations</h4>
The potential for drug-drug interactions and dose limits based on renal and hepatic function should be evaluated prior to initiating a statin. The effects of drug-drug interactions may be more pronounced resulting in a higher risk of myopathy.",CPIC Guideline Annotation,"chr12:21178615:T>C,chr12:21176804:A>G",,Hom,Test,pravastatin,普伐他汀
SLCO1B1,rosuvastatin,*15/*15,"rs2306283,rs4149056",test,test,"1829.06,1536.06","0,55;0,47",1.0,Poor Function,"Prescribe ≤20mg as a starting dose and adjust doses of rosuvastatin based on disease-specific and specific population guidelines. If dose &gt; 20mg needed for desired efficacy, consider combination therapy (i.e., rosuvastatin plus non-statin guideline directed medical therapy) (PMID: 30423391).
<h4 id=""other-considerations"">Other Considerations</h4>
The potential for drug-drug interactions and dose limits based on renal and hepatic function and Asian ancestry should be evaluated prior to initiating a statin. The effects of drug-drug interactions may be more pronounced resulting in a higher risk of myopathy.",CPIC Guideline Annotation,"chr12:21178615:T>C,chr12:21176804:A>G",,Hom,Test,rosuvastatin,瑞舒伐他汀
SLCO1B1,simvastatin,*15/*15,"rs2306283,rs4149056",test,test,"1829.06,1536.06","0,55;0,47",1.0,Poor Function,"Prescribe an alternative statin depending on the desired potency (see Figure 1 of PMID: 35152405 for recommendations for alternative statins).
<h4 id=""other-considerations"">Other Considerations</h4>
The potential for drug-drug interactions and dose limits based on renal and hepatic function should be evaluated prior to initiating a statin. The effects of drug-drug interactions may be more pronounced resulting in a higher risk of myopathy.",CPIC Guideline Annotation,"chr12:21178615:T>C,chr12:21176804:A>G",,Hom,Test,simvastatin,辛伐他汀
TPMT,azathioprine,*1/*1,,,,,,,Normal Metabolizer,"Start with normal starting dose (e.g., 2-3 mg/kg/day) and adjust doses of azathioprine based on disease-specific guidelines. Allow 2 weeks to reach steady-state after each dose adjustment (PMID 20354201, 11302950, 15606506).
<h4 id=""other-considerations"">Other Considerations</h4>
Normal starting doses vary by race/ethnicity and treatment regimens. If standard dose is below normal recommended dose, dose reduction might not be recommended for intermediate metabolizers.",CPIC Guideline Annotation,,,Hom,Test,azathioprine,硫唑嘌呤
TPMT,mercaptopurine,*1/*1,,,,,,,Normal Metabolizer,"Start with normal starting dose (e.g., 75 mg/m2/day or 1.5 mg/kg/day) and adjust doses of mercaptopurine (and of any other myelosuppressive therapy) without any special emphasis on mercaptopurine compared to other agents. Allow at least 2 weeks to reach steady-state after each dose adjustment (PMID 20354201, 16401827, 11302950).
<h4 id=""other-considerations"">Other Considerations</h4>
Normal starting doses vary by race/ethnicity and treatment regimens. If standard dose is below normal recommended dose, dose reduction might not be recommended for intermediate metabolizers.",CPIC Guideline Annotation,,,Hom,Test,mercaptopurine,巯嘌呤
TPMT,thioguanine,*1/*1,,,,,,,Normal Metabolizer,"Start with normal starting dose (e.g., 40-60 mg/m2/day) and adjust doses of thioguanine and of other myelosuppressive therapy without any special emphasis on thioguanine. Allow 2 weeks to reach steady-state after each dose adjustment (PMID 20354201, 11037857).
<h4 id=""other-considerations"">Other Considerations</h4>
Normal starting doses vary by race/ethnicity and treatment regimens. If standard dose is below normal recommended dose, dose reduction might not be recommended for intermediate metabolizers.",CPIC Guideline Annotation,,,Hom,Test,thioguanine,硫鸟嘌呤
UGT1A1,atazanavir,*1/*1,,,,,,,Normal Metabolizer,"There is no need to avoid prescribing of atazanavir based on UGT1A1 genetic test result. Inform the patient that some patients stop atazanavir because of jaundice (yellow eyes and skin), but that this patient’s genotype makes this unlikely (less than about a 1 in 20 chance of stopping atazanavir because of jaundice).
<h4 id=""other-considerations"">Other Considerations</h4>
All studies correlating UGT1A1 genotypes with atazanavir adverse events have involved ritonavir boosting. However, concentration-time profiles are equivalent when boosted with either cobicistat or ritonavir (PMID 23532097), and bilirubin-related adverse events including discontinuation of atazanavir occur in a similar percentage of patients prescribed atazanavir with cobicistat or ritonavir (PMID 23532097). Associations between UGT1A1 genotype, bilirubin elevations, and atazanavir/r discontinuation therefore almost certainly translate to atazanavir/cobicistat. &quot;reference&quot; function refers to the UGT1A1 allele to which other alleles are compared.",CPIC Guideline Annotation,,,Hom,Test,atazanavir,阿扎那韦
UGT1A1,belinostat,*1/*1,,,,,,,Normal Metabolizer,.,FDA Label Annotation,,,Hom,Test,belinostat,贝利司他
UGT1A1,dolutegravir,*1/*1,,,,,,,Normal Metabolizer,.,FDA PGx Association,,,Hom,Test,dolutegravir,多替拉韦
UGT1A1,irinotecan,*1/*1,,,,,,,Normal Metabolizer,The guideline does not provide a recommendation for irinotecan in normal metabolizers,DPWG Guideline Annotation,,,Hom,Test,irinotecan,伊立替康
UGT1A1,nilotinib,*1/*1,,,,,,,Normal Metabolizer,.,FDA PGx Association,,,Hom,Test,nilotinib,尼洛替尼
UGT1A1,pazopanib,*1/*1,,,,,,,Normal Metabolizer,.,FDA PGx Association,,,Hom,Test,pazopanib,帕唑帕尼
UGT1A1,raltegravir,*1/*1,,,,,,,Normal Metabolizer,.,FDA PGx Association,,,Hom,Test,raltegravir,拉替拉韦
UGT1A1,sacituzumab govitecan,*1/*1,,,,,,,Normal Metabolizer,.,FDA Label Annotation,,,Hom,Test,sacituzumab govitecan,戈沙妥珠单抗
VKORC1,acenocoumarol,rs9923231 variant (T)/rs9923231 variant (T),rs9923231,test,test,1626.06,"0,42",1.0,-1639 AA,"Monitoring by the ANTICOAGULATION CLINIC (National INR Monitoring Service):
<ul>
<li>recommend to use 50% of the standard initial dose</li>
</ul>
OTHERWISE:
<ul>
<li>recommend to use 50% of the standard initial dose</li>
<li>recommend more frequent monitoring of the INR</li>
</ul>",DPWG Guideline Annotation,chr16:31096368:C>T,,Hom,Test,acenocoumarol,醋硝香豆素
VKORC1,phenprocoumon,rs9923231 variant (T)/rs9923231 variant (T),rs9923231,test,test,1626.06,"0,42",1.0,-1639 AA,"Monitoring by a ANTICOAGULATION CLINIC:
<ul>
<li>recommend to use 50% of the standard initial dose</li>
</ul>
NO monitoring by a anticoagulation clinic:
<ul>
<li>recommend to use 50% of the standard initial dose</li>
<li>recommend more frequent monitoring of the INR</li>
</ul>",DPWG Guideline Annotation,chr16:31096368:C>T,,Hom,Test,phenprocoumon,苯丙香豆素
VKORC1,warfarin,rs9923231 variant (T)/rs9923231 variant (T),rs9923231,test,test,1626.06,"0,42",1.0,-1639 AA,"Use 60% of the standard initial dose.
The genotype-specific initial dose and maintenance dose can be calculated using an algorithm, as used in EU-PACT: see
https://www.knmp.nl/patientenzorg/medicatiebewaking/farmacogenetica.
From day 6 on the standard algorithm without genotype information can be used to calculate the dose.",CPIC Guideline Annotation,chr16:31096368:C>T,,Hom,Test,warfarin,华法林
