sample,name_en,drug,gatkscore,depth,readsratio,gene,diplotype,cHGVS,pHGVS,zyg,guide,effect,advice,suggest,ref_guide,drugid,rsID,location
E-B24169320585,allopurinol,别嘌醇,753.64,"30,26",0.46,ABCG2,rs2231142 reference (G)/rs2231142 variant (T),c.421C>A,p.Gln141Lys,Het,,功能降低,常规用药,常规用药,DPWG,,rs2231142,chr4:88131171:G>T
E-B24169320585,rosuvastatin,瑞舒伐他汀,753.64,"30,26",0.46,ABCG2,rs2231142 reference (G)/rs2231142 variant (T),c.421C>A,p.Gln141Lys,Het,剂量指导,功能降低,常规用药,按期望的起始剂量处方瑞舒伐他汀，并根据疾病特定指南调整剂量。,CPIC,,rs2231142,chr4:88131171:G>T
E-B24169320585,desflurane,地氟烷,.,.,.,CACNA1S,Reference/Reference,.,.,Hom,预测毒副作用,易感性不确定,换药或遵医嘱用药,临床发现、家族史、进一步的基因检测和其他实验室数据应指导卤代挥发性麻醉剂或去极化肌松药的使用。,CPIC,,.,.
E-B24169320585,enflurane,恩氟烷,.,.,.,CACNA1S,Reference/Reference,.,.,Hom,预测毒副作用,易感性不确定,换药或遵医嘱用药,临床发现、家族史、进一步的基因检测和其他实验室数据应指导卤代挥发性麻醉剂或去极化肌松药的使用。,CPIC,,.,.
E-B24169320585,halothane,氟烷,.,.,.,CACNA1S,Reference/Reference,.,.,Hom,预测毒副作用,易感性不确定,换药或遵医嘱用药,临床发现、家族史、进一步的基因检测和其他实验室数据应指导卤代挥发性麻醉剂或去极化肌松药的使用。,CPIC,,.,.
E-B24169320585,isoflurane,异氟烷,.,.,.,CACNA1S,Reference/Reference,.,.,Hom,预测毒副作用,易感性不确定,换药或遵医嘱用药,临床发现、家族史、进一步的基因检测和其他实验室数据应指导卤代挥发性麻醉剂或去极化肌松药的使用。,CPIC,,.,.
E-B24169320585,methoxyflurane,甲氧氟烷,.,.,.,CACNA1S,Reference/Reference,.,.,Hom,预测毒副作用,易感性不确定,换药或遵医嘱用药,临床发现、家族史、进一步的基因检测和其他实验室数据应指导卤代挥发性麻醉剂或去极化肌松药的使用。,CPIC,,.,.
E-B24169320585,sevoflurane,七氟烷,.,.,.,CACNA1S,Reference/Reference,.,.,Hom,预测毒副作用,易感性不确定,换药或遵医嘱用药,临床发现、家族史、进一步的基因检测和其他实验室数据应指导卤代挥发性麻醉剂或去极化肌松药的使用。,CPIC,,.,.
E-B24169320585,succinylcholine,琥珀胆碱,.,.,.,CACNA1S,Reference/Reference,.,.,Hom,预测毒副作用,易感性不确定,换药或遵医嘱用药,临床发现、家族史、进一步的基因检测和其他实验室数据应指导卤代挥发性麻醉剂或去极化肌松药的使用。,CPIC,,.,.
E-B24169320585,ivacaftor,依伐卡托,.,.,.,CFTR,Reference/Reference,.,.,Hom,预测疗效,CF患者中对伊伐卡托无反应,换药,不推荐使用伊伐卡托。,CPIC,,.,.
E-B24169320585,efavirenz,依非韦伦,.,.,.,CYP2B6,*1/*1,.,.,Hom,剂量指导,正常代谢型,常规用药,以标准剂量（600毫克/天）开始依法韦仑治疗。,CPIC,,.,.
E-B24169320585,sertraline,舍曲林,.,.,.,CYP2B6,*1/*1,.,.,Hom,剂量指导,正常代谢型,常规用药,以推荐的起始剂量开始治疗。,CPIC,,.,.
E-B24169320585,abrocitinib,阿布昔替尼,1942.06,"0,62",1.0,CYP2C19,*1/*1,c.991A>G,p.Ile331Val,Hom,,正常代谢型,常规用药,常规用药,FDA Label,,rs3758581,chr10:94842866:A>G
E-B24169320585,amitriptyline,阿米替林,1942.06,"0,62",1.0,CYP2C19,*1/*1,c.991A>G,p.Ile331Val,Hom,剂量指导,正常代谢型,常规用药,以推荐的起始剂量开始治疗。,CPIC,,rs3758581,chr10:94842866:A>G
E-B24169320585,belzutifan,贝组替凡,1942.06,"0,62",1.0,CYP2C19,*1/*1,c.991A>G,p.Ile331Val,Hom,,正常代谢型,常规用药,常规用药,FDA Label,,rs3758581,chr10:94842866:A>G
E-B24169320585,brivaracetam,布瓦西坦,1942.06,"0,62",1.0,CYP2C19,*1/*1,c.991A>G,p.Ile331Val,Hom,,正常代谢型,常规用药,常规用药,FDA Label,,rs3758581,chr10:94842866:A>G
E-B24169320585,carisoprodol,卡立普多,1942.06,"0,62",1.0,CYP2C19,*1/*1,c.991A>G,p.Ile331Val,Hom,,正常代谢型,常规用药,常规用药,FDA Label,,rs3758581,chr10:94842866:A>G
E-B24169320585,citalopram,西酞普兰,1942.06,"0,62",1.0,CYP2C19,*1/*1,c.991A>G,p.Ile331Val,Hom,剂量指导,正常代谢型,常规用药,以推荐的起始剂量开始治疗。,CPIC,,rs3758581,chr10:94842866:A>G
E-B24169320585,clobazam,氯巴占,1942.06,"0,62",1.0,CYP2C19,*1/*1,c.991A>G,p.Ile331Val,Hom,,正常代谢型,常规用药,常规用药,FDA Label,,rs3758581,chr10:94842866:A>G
E-B24169320585,clomipramine,氯米帕明,1942.06,"0,62",1.0,CYP2C19,*1/*1,c.991A>G,p.Ile331Val,Hom,剂量指导,正常代谢型,常规用药,以推荐的起始剂量开始治疗。,CPIC,,rs3758581,chr10:94842866:A>G
E-B24169320585,clopidogrel,氯吡格雷,1942.06,"0,62",1.0,CYP2C19,*1/*1,c.991A>G,p.Ile331Val,Hom,"剂量指导, 预测疗效",正常代谢型,常规用药,若考虑使用氯吡格雷，应采用75毫克/天的标准剂量。,CPIC,,rs3758581,chr10:94842866:A>G
E-B24169320585,dexlansoprazole,右兰索拉唑,1942.06,"0,62",1.0,CYP2C19,*1/*1,c.991A>G,p.Ile331Val,Hom,剂量指导,正常代谢型,常规用药或增加剂量,以标准剂量开始治疗，但对于幽门螺杆菌感染和糜烂性食管炎，可考虑将剂量增加50-100%。,CPIC,,rs3758581,chr10:94842866:A>G
E-B24169320585,diazepam,地西泮,1942.06,"0,62",1.0,CYP2C19,*1/*1,c.991A>G,p.Ile331Val,Hom,,正常代谢型,常规用药,常规用药,FDA PGx,,rs3758581,chr10:94842866:A>G
E-B24169320585,doxepin,多塞平,1942.06,"0,62",1.0,CYP2C19,*1/*1,c.991A>G,p.Ile331Val,Hom,剂量指导,正常代谢型,常规用药,以推荐的起始剂量开始治疗。,CPIC,,rs3758581,chr10:94842866:A>G
E-B24169320585,escitalopram,艾司西酞普兰,1942.06,"0,62",1.0,CYP2C19,*1/*1,c.991A>G,p.Ile331Val,Hom,剂量指导,正常代谢型,常规用药,以推荐的起始剂量开始治疗。,CPIC,,rs3758581,chr10:94842866:A>G
E-B24169320585,esomeprazole,艾司奥美拉唑,1942.06,"0,62",1.0,CYP2C19,*1/*1,c.991A>G,p.Ile331Val,Hom,,正常代谢型,常规用药,常规用药,FDA PGx,,rs3758581,chr10:94842866:A>G
E-B24169320585,flibanserin,氟班色林,1942.06,"0,62",1.0,CYP2C19,*1/*1,c.991A>G,p.Ile331Val,Hom,,正常代谢型,常规用药,常规用药,FDA Label,,rs3758581,chr10:94842866:A>G
E-B24169320585,imipramine,丙米嗪,1942.06,"0,62",1.0,CYP2C19,*1/*1,c.991A>G,p.Ile331Val,Hom,剂量指导,正常代谢型,常规用药,以推荐的起始剂量开始治疗。,CPIC,,rs3758581,chr10:94842866:A>G
E-B24169320585,lansoprazole,兰索拉唑,1942.06,"0,62",1.0,CYP2C19,*1/*1,c.991A>G,p.Ile331Val,Hom,剂量指导,正常代谢型,常规用药或增加剂量,以标准剂量开始治疗，但对于幽门螺杆菌感染和糜烂性食管炎，可考虑将剂量增加50-100%。,CPIC,,rs3758581,chr10:94842866:A>G
E-B24169320585,omeprazole,奥美拉唑,1942.06,"0,62",1.0,CYP2C19,*1/*1,c.991A>G,p.Ile331Val,Hom,剂量指导,正常代谢型,常规用药或增加剂量,以标准剂量开始治疗，但对于幽门螺杆菌感染和糜烂性食管炎，可考虑将剂量增加50-100%。,CPIC,,rs3758581,chr10:94842866:A>G
E-B24169320585,pantoprazole,泮托拉唑,1942.06,"0,62",1.0,CYP2C19,*1/*1,c.991A>G,p.Ile331Val,Hom,剂量指导,正常代谢型,常规用药或增加剂量,以标准剂量开始治疗，但对于幽门螺杆菌感染和糜烂性食管炎，可考虑将剂量增加50-100%。,CPIC,,rs3758581,chr10:94842866:A>G
E-B24169320585,rabeprazole,雷贝拉唑,1942.06,"0,62",1.0,CYP2C19,*1/*1,c.991A>G,p.Ile331Val,Hom,,正常代谢型,常规用药,常规用药,FDA PGx,,rs3758581,chr10:94842866:A>G
E-B24169320585,sertraline,舍曲林,1942.06,"0,62",1.0,CYP2C19,*1/*1,c.991A>G,p.Ile331Val,Hom,剂量指导,正常代谢型,常规用药,以推荐的起始剂量开始治疗。,CPIC,,rs3758581,chr10:94842866:A>G
E-B24169320585,trimipramine,曲米帕明,1942.06,"0,62",1.0,CYP2C19,*1/*1,c.991A>G,p.Ile331Val,Hom,剂量指导,正常代谢型,常规用药,以推荐的起始剂量开始治疗。,CPIC,,rs3758581,chr10:94842866:A>G
E-B24169320585,voriconazole,伏立康唑,1942.06,"0,62",1.0,CYP2C19,*1/*1,c.991A>G,p.Ile331Val,Hom,剂量指导,正常代谢型,常规用药,以推荐的标准治疗剂量开始治疗。,CPIC,,rs3758581,chr10:94842866:A>G
E-B24169320585,avatrombopag,阿伐曲泊帕,.,.,.,CYP2C9,*1/*1,.,.,Hom,,正常代谢型,常规用药,常规用药,FDA PGx,,.,.
E-B24169320585,celecoxib,塞来昔布,.,.,.,CYP2C9,*1/*1,.,.,Hom,剂量指导,正常代谢型,常规用药或降低剂量,以推荐的起始剂量开始治疗，并遵循个体化治疗目标，使用最低有效剂量和最短持续时间。,CPIC,,.,.
E-B24169320585,erdafitinib,厄达替尼,.,.,.,CYP2C9,*1/*1,.,.,Hom,,正常代谢型,常规用药,常规用药,FDA Label,,.,.
E-B24169320585,flurbiprofen,氟比洛芬,.,.,.,CYP2C9,*1/*1,.,.,Hom,剂量指导,正常代谢型,常规用药或降低剂量,以推荐的起始剂量开始治疗，并遵循个体化治疗目标，使用最低有效剂量和最短持续时间。,CPIC,,.,.
E-B24169320585,fluvastatin,氟伐他汀,.,.,.,CYP2C9,*1/*1,.,.,Hom,剂量指导,正常代谢型,遵医嘱用药,氟伐他汀应从期望的起始剂量开始，并根据疾病特定指南进行调整。,CPIC,,.,.
E-B24169320585,fosphenytoin,磷苯妥英,.,.,.,CYP2C9,*1/*1,.,.,Hom,剂量指导,正常代谢型,常规用药,无需调整常规给药策略，但后续剂量应根据药物监测和临床反应调整。,CPIC,,.,.
E-B24169320585,ibuprofen,布洛芬,.,.,.,CYP2C9,*1/*1,.,.,Hom,剂量指导,正常代谢型,常规用药或降低剂量,以推荐的起始剂量开始治疗，并遵循个体化治疗目标，使用最低有效剂量和最短持续时间。,CPIC,,.,.
E-B24169320585,lornoxicam,氯诺昔康,.,.,.,CYP2C9,*1/*1,.,.,Hom,剂量指导,正常代谢型,常规用药或降低剂量,以推荐的起始剂量开始治疗，并遵循个体化治疗目标，使用最低有效剂量和最短持续时间。,CPIC,,.,.
E-B24169320585,meloxicam,美洛昔康,.,.,.,CYP2C9,*1/*1,.,.,Hom,剂量指导,正常代谢型,常规用药或降低剂量,以推荐的起始剂量开始治疗，并遵循个体化治疗目标，使用最低有效剂量和最短持续时间。,CPIC,,.,.
E-B24169320585,nateglinide,那格列奈,.,.,.,CYP2C9,*1/*1,.,.,Hom,,正常代谢型,常规用药,常规用药,FDA PGx,,.,.
E-B24169320585,phenytoin,苯妥英,.,.,.,CYP2C9,*1/*1,.,.,Hom,剂量指导,正常代谢型,常规用药,无需调整常规给药策略，但后续剂量应根据药物监测和临床反应调整。,CPIC,,.,.
E-B24169320585,piroxicam,吡罗昔康,.,.,.,CYP2C9,*1/*1,.,.,Hom,剂量指导,正常代谢型,常规用药或降低剂量,以推荐的起始剂量开始治疗，并遵循个体化治疗目标，使用最低有效剂量和最短持续时间。,CPIC,,.,.
E-B24169320585,siponimod,西尼莫德,.,.,.,CYP2C9,*1/*1,.,.,Hom,剂量指导,正常代谢型,常规用药,指南未对正常代谢者的西尼莫德使用提供推荐。,DPWG,,.,.
E-B24169320585,tenoxicam,替诺昔康,.,.,.,CYP2C9,*1/*1,.,.,Hom,剂量指导,正常代谢型,常规用药或降低剂量,以推荐的起始剂量开始治疗，并遵循个体化治疗目标，使用最低有效剂量和最短持续时间。,CPIC,,.,.
E-B24169320585,warfarin,华法林,.,.,.,CYP2C9,*1/*1,.,.,Hom,剂量指导,正常代谢型,常规用药,该指南未对正常代谢者使用华法林提供推荐。,CPIC,,.,.
E-B24169320585,amitriptyline,阿米替林,"496.64,665.64","14,18;12,24",0.67;0.56,CYP2D6,*1/*10,"c.1304G>C,c.408G>C","p.Val136Val,p.Ser435Thr",Het,剂量指导,正常代谢型,常规用药,以推荐的起始剂量开始治疗。,CPIC,,"rs1058164,rs1135840","chr22:42129130:C>G,chr22:42130692:G>A"
E-B24169320585,amoxapine,阿莫沙平,"496.64,665.64","14,18;12,24",0.67;0.56,CYP2D6,*1/*10,"c.1304G>C,c.408G>C","p.Val136Val,p.Ser435Thr",Het,,正常代谢型,常规用药,常规用药,FDA PGx,,"rs1058164,rs1135840","chr22:42129130:C>G,chr22:42130692:G>A"
E-B24169320585,aripiprazole,阿立哌唑,"496.64,665.64","14,18;12,24",0.67;0.56,CYP2D6,*1/*10,"c.1304G>C,c.408G>C","p.Val136Val,p.Ser435Thr",Het,剂量指导,正常代谢型,常规用药,指南未对正常代谢者的阿立哌唑使用提供推荐。,DPWG,,"rs1058164,rs1135840","chr22:42129130:C>G,chr22:42130692:G>A"
E-B24169320585,aripiprazole lauroxil,阿立哌唑月桂酰氧基甲酯,"496.64,665.64","14,18;12,24",0.67;0.56,CYP2D6,*1/*10,"c.1304G>C,c.408G>C","p.Val136Val,p.Ser435Thr",Het,,正常代谢型,常规用药,常规用药,FDA Label,,"rs1058164,rs1135840","chr22:42129130:C>G,chr22:42130692:G>A"
E-B24169320585,atomoxetine,托莫西汀,"496.64,665.64","14,18;12,24",0.67;0.56,CYP2D6,*1/*10,"c.1304G>C,c.408G>C","p.Val136Val,p.Ser435Thr",Het,"剂量指导, 预测疗效",正常代谢型,增加剂量,以40毫克/天开始，若两周后无响应且血药浓度低于200 ng/mL，可考虑按比例增加剂量以达到目标浓度。,CPIC,,"rs1058164,rs1135840","chr22:42129130:C>G,chr22:42130692:G>A"
E-B24169320585,brexpiprazole,布瑞哌唑,"496.64,665.64","14,18;12,24",0.67;0.56,CYP2D6,*1/*10,"c.1304G>C,c.408G>C","p.Val136Val,p.Ser435Thr",Het,剂量指导,正常代谢型,常规用药,指南未对正常代谢者的布南色林使用提供推荐。,DPWG,,"rs1058164,rs1135840","chr22:42129130:C>G,chr22:42130692:G>A"
E-B24169320585,carvedilol,卡维地洛,"496.64,665.64","14,18;12,24",0.67;0.56,CYP2D6,*1/*10,"c.1304G>C,c.408G>C","p.Val136Val,p.Ser435Thr",Het,,正常代谢型,常规用药,常规用药,FDA PGx,,"rs1058164,rs1135840","chr22:42129130:C>G,chr22:42130692:G>A"
E-B24169320585,cevimeline,西维美林,"496.64,665.64","14,18;12,24",0.67;0.56,CYP2D6,*1/*10,"c.1304G>C,c.408G>C","p.Val136Val,p.Ser435Thr",Het,,正常代谢型,常规用药,常规用药,FDA Label,,"rs1058164,rs1135840","chr22:42129130:C>G,chr22:42130692:G>A"
E-B24169320585,clomipramine,氯米帕明,"496.64,665.64","14,18;12,24",0.67;0.56,CYP2D6,*1/*10,"c.1304G>C,c.408G>C","p.Val136Val,p.Ser435Thr",Het,剂量指导,正常代谢型,常规用药,以推荐的起始剂量开始治疗。,CPIC,,"rs1058164,rs1135840","chr22:42129130:C>G,chr22:42130692:G>A"
E-B24169320585,clozapine,氯氮平,"496.64,665.64","14,18;12,24",0.67;0.56,CYP2D6,*1/*10,"c.1304G>C,c.408G>C","p.Val136Val,p.Ser435Thr",Het,,正常代谢型,常规用药,常规用药,FDA Label,,"rs1058164,rs1135840","chr22:42129130:C>G,chr22:42130692:G>A"
E-B24169320585,codeine,可待因,"496.64,665.64","14,18;12,24",0.67;0.56,CYP2D6,*1/*10,"c.1304G>C,c.408G>C","p.Val136Val,p.Ser435Thr",Het,剂量指导,正常代谢型,遵医嘱用药,按照药品标签推荐的年龄或体重特定剂量使用可待因。,CPIC,,"rs1058164,rs1135840","chr22:42129130:C>G,chr22:42130692:G>A"
E-B24169320585,darifenacin,达非那新,"496.64,665.64","14,18;12,24",0.67;0.56,CYP2D6,*1/*10,"c.1304G>C,c.408G>C","p.Val136Val,p.Ser435Thr",Het,,正常代谢型,常规用药,常规用药,FDA PGx,,"rs1058164,rs1135840","chr22:42129130:C>G,chr22:42130692:G>A"
E-B24169320585,desipramine,地昔帕明,"496.64,665.64","14,18;12,24",0.67;0.56,CYP2D6,*1/*10,"c.1304G>C,c.408G>C","p.Val136Val,p.Ser435Thr",Het,剂量指导,正常代谢型,常规用药,以推荐的起始剂量开始治疗。,CPIC,,"rs1058164,rs1135840","chr22:42129130:C>G,chr22:42130692:G>A"
E-B24169320585,deutetrabenazine,氘丁苯那嗪,"496.64,665.64","14,18;12,24",0.67;0.56,CYP2D6,*1/*10,"c.1304G>C,c.408G>C","p.Val136Val,p.Ser435Thr",Het,,正常代谢型,常规用药,常规用药,FDA Label,,"rs1058164,rs1135840","chr22:42129130:C>G,chr22:42130692:G>A"
E-B24169320585,donepezil,多奈哌齐,"496.64,665.64","14,18;12,24",0.67;0.56,CYP2D6,*1/*10,"c.1304G>C,c.408G>C","p.Val136Val,p.Ser435Thr",Het,,正常代谢型,常规用药,常规用药,FDA PGx,,"rs1058164,rs1135840","chr22:42129130:C>G,chr22:42130692:G>A"
E-B24169320585,doxepin,多塞平,"496.64,665.64","14,18;12,24",0.67;0.56,CYP2D6,*1/*10,"c.1304G>C,c.408G>C","p.Val136Val,p.Ser435Thr",Het,剂量指导,正常代谢型,常规用药,以推荐的起始剂量开始治疗。,CPIC,,"rs1058164,rs1135840","chr22:42129130:C>G,chr22:42130692:G>A"
E-B24169320585,eliglustat,依利格鲁司,"496.64,665.64","14,18;12,24",0.67;0.56,CYP2D6,*1/*10,"c.1304G>C,c.408G>C","p.Val136Val,p.Ser435Thr",Het,剂量指导,正常代谢型,常规用药,指南未对正常代谢者的依利格鲁司他使用提供推荐。,DPWG,,"rs1058164,rs1135840","chr22:42129130:C>G,chr22:42130692:G>A"
E-B24169320585,fesoterodine,非索罗定,"496.64,665.64","14,18;12,24",0.67;0.56,CYP2D6,*1/*10,"c.1304G>C,c.408G>C","p.Val136Val,p.Ser435Thr",Het,,正常代谢型,常规用药,常规用药,FDA PGx,,"rs1058164,rs1135840","chr22:42129130:C>G,chr22:42130692:G>A"
E-B24169320585,flecainide,氟卡尼,"496.64,665.64","14,18;12,24",0.67;0.56,CYP2D6,*1/*10,"c.1304G>C,c.408G>C","p.Val136Val,p.Ser435Thr",Het,剂量指导,正常代谢型,常规用药,该指南未对正常代谢者使用氟卡尼提供建议。,DPWG,,"rs1058164,rs1135840","chr22:42129130:C>G,chr22:42130692:G>A"
E-B24169320585,fluoxetine,氟西汀,"496.64,665.64","14,18;12,24",0.67;0.56,CYP2D6,*1/*10,"c.1304G>C,c.408G>C","p.Val136Val,p.Ser435Thr",Het,,正常代谢型,常规用药,常规用药,FDA Label,,"rs1058164,rs1135840","chr22:42129130:C>G,chr22:42130692:G>A"
E-B24169320585,fluvoxamine,氟伏沙明,"496.64,665.64","14,18;12,24",0.67;0.56,CYP2D6,*1/*10,"c.1304G>C,c.408G>C","p.Val136Val,p.Ser435Thr",Het,剂量指导,正常代谢型,常规用药,以推荐的起始剂量开始治疗。,CPIC,,"rs1058164,rs1135840","chr22:42129130:C>G,chr22:42130692:G>A"
E-B24169320585,galantamine,加兰他敏,"496.64,665.64","14,18;12,24",0.67;0.56,CYP2D6,*1/*10,"c.1304G>C,c.408G>C","p.Val136Val,p.Ser435Thr",Het,,正常代谢型,常规用药,常规用药,FDA PGx,,"rs1058164,rs1135840","chr22:42129130:C>G,chr22:42130692:G>A"
E-B24169320585,gefitinib,吉非替尼,"496.64,665.64","14,18;12,24",0.67;0.56,CYP2D6,*1/*10,"c.1304G>C,c.408G>C","p.Val136Val,p.Ser435Thr",Het,,正常代谢型,常规用药,常规用药,FDA Label,,"rs1058164,rs1135840","chr22:42129130:C>G,chr22:42130692:G>A"
E-B24169320585,haloperidol,氟哌啶醇,"496.64,665.64","14,18;12,24",0.67;0.56,CYP2D6,*1/*10,"c.1304G>C,c.408G>C","p.Val136Val,p.Ser435Thr",Het,剂量指导,正常代谢型,常规用药,指南未对正常代谢者的氟哌啶醇使用提供推荐。,DPWG,,"rs1058164,rs1135840","chr22:42129130:C>G,chr22:42130692:G>A"
E-B24169320585,iloperidone,伊潘立酮,"496.64,665.64","14,18;12,24",0.67;0.56,CYP2D6,*1/*10,"c.1304G>C,c.408G>C","p.Val136Val,p.Ser435Thr",Het,,正常代谢型,常规用药,常规用药,FDA Label,,"rs1058164,rs1135840","chr22:42129130:C>G,chr22:42130692:G>A"
E-B24169320585,imipramine,丙米嗪,"496.64,665.64","14,18;12,24",0.67;0.56,CYP2D6,*1/*10,"c.1304G>C,c.408G>C","p.Val136Val,p.Ser435Thr",Het,剂量指导,正常代谢型,常规用药,以推荐的起始剂量开始治疗。,CPIC,,"rs1058164,rs1135840","chr22:42129130:C>G,chr22:42130692:G>A"
E-B24169320585,lofexidine,洛非西定,"496.64,665.64","14,18;12,24",0.67;0.56,CYP2D6,*1/*10,"c.1304G>C,c.408G>C","p.Val136Val,p.Ser435Thr",Het,,正常代谢型,常规用药,常规用药,FDA Label,,"rs1058164,rs1135840","chr22:42129130:C>G,chr22:42130692:G>A"
E-B24169320585,meclizine,美克洛嗪,"496.64,665.64","14,18;12,24",0.67;0.56,CYP2D6,*1/*10,"c.1304G>C,c.408G>C","p.Val136Val,p.Ser435Thr",Het,"不良反应预测, 预测疗效",正常代谢型,换药,当给具有CYP2D6多态性的患者使用美克洛嗪时，应相应监测其不良反应和临床效果。,FDA Label,,"rs1058164,rs1135840","chr22:42129130:C>G,chr22:42130692:G>A"
E-B24169320585,metoclopramide,甲氧氯普胺,"496.64,665.64","14,18;12,24",0.67;0.56,CYP2D6,*1/*10,"c.1304G>C,c.408G>C","p.Val136Val,p.Ser435Thr",Het,,正常代谢型,常规用药,常规用药,FDA Label,,"rs1058164,rs1135840","chr22:42129130:C>G,chr22:42130692:G>A"
E-B24169320585,metoprolol,美托洛尔,"496.64,665.64","14,18;12,24",0.67;0.56,CYP2D6,*1/*10,"c.1304G>C,c.408G>C","p.Val136Val,p.Ser435Thr",Het,剂量指导,正常代谢型,常规用药,开始标准剂量给药。,CPIC,,"rs1058164,rs1135840","chr22:42129130:C>G,chr22:42130692:G>A"
E-B24169320585,mirabegron,米拉贝隆,"496.64,665.64","14,18;12,24",0.67;0.56,CYP2D6,*1/*10,"c.1304G>C,c.408G>C","p.Val136Val,p.Ser435Thr",Het,,正常代谢型,常规用药,常规用药,FDA PGx,,"rs1058164,rs1135840","chr22:42129130:C>G,chr22:42130692:G>A"
E-B24169320585,nebivolol,奈必洛尔,"496.64,665.64","14,18;12,24",0.67;0.56,CYP2D6,*1/*10,"c.1304G>C,c.408G>C","p.Val136Val,p.Ser435Thr",Het,,正常代谢型,常规用药,常规用药,FDA PGx,,"rs1058164,rs1135840","chr22:42129130:C>G,chr22:42130692:G>A"
E-B24169320585,nortriptyline,去甲替林,"496.64,665.64","14,18;12,24",0.67;0.56,CYP2D6,*1/*10,"c.1304G>C,c.408G>C","p.Val136Val,p.Ser435Thr",Het,剂量指导,正常代谢型,常规用药,以推荐的起始剂量开始治疗。,CPIC,,"rs1058164,rs1135840","chr22:42129130:C>G,chr22:42130692:G>A"
E-B24169320585,ondansetron,昂丹司琼,"496.64,665.64","14,18;12,24",0.67;0.56,CYP2D6,*1/*10,"c.1304G>C,c.408G>C","p.Val136Val,p.Ser435Thr",Het,剂量指导,正常代谢型,常规用药,以推荐的起始剂量开始治疗。,CPIC,,"rs1058164,rs1135840","chr22:42129130:C>G,chr22:42130692:G>A"
E-B24169320585,paroxetine,帕罗西汀,"496.64,665.64","14,18;12,24",0.67;0.56,CYP2D6,*1/*10,"c.1304G>C,c.408G>C","p.Val136Val,p.Ser435Thr",Het,剂量指导,正常代谢型,常规用药,以推荐的起始剂量开始治疗。,CPIC,,"rs1058164,rs1135840","chr22:42129130:C>G,chr22:42130692:G>A"
E-B24169320585,perphenazine,奋乃静,"496.64,665.64","14,18;12,24",0.67;0.56,CYP2D6,*1/*10,"c.1304G>C,c.408G>C","p.Val136Val,p.Ser435Thr",Het,,正常代谢型,常规用药,常规用药,FDA PGx,,"rs1058164,rs1135840","chr22:42129130:C>G,chr22:42130692:G>A"
E-B24169320585,pimozide,匹莫齐特,"496.64,665.64","14,18;12,24",0.67;0.56,CYP2D6,*1/*10,"c.1304G>C,c.408G>C","p.Val136Val,p.Ser435Thr",Het,剂量指导,正常代谢型,常规用药,指南未对正常代谢者的匹莫齐特使用提供推荐。,DPWG,,"rs1058164,rs1135840","chr22:42129130:C>G,chr22:42130692:G>A"
E-B24169320585,pitolisant,替洛利生,"496.64,665.64","14,18;12,24",0.67;0.56,CYP2D6,*1/*10,"c.1304G>C,c.408G>C","p.Val136Val,p.Ser435Thr",Het,,正常代谢型,常规用药,常规用药,FDA Label,,"rs1058164,rs1135840","chr22:42129130:C>G,chr22:42130692:G>A"
E-B24169320585,propafenone,普罗帕酮,"496.64,665.64","14,18;12,24",0.67;0.56,CYP2D6,*1/*10,"c.1304G>C,c.408G>C","p.Val136Val,p.Ser435Thr",Het,剂量指导,正常代谢型,常规用药,该指南未对正常代谢者使用普罗帕酮提供建议。,DPWG,,"rs1058164,rs1135840","chr22:42129130:C>G,chr22:42130692:G>A"
E-B24169320585,propranolol,普萘洛尔,"496.64,665.64","14,18;12,24",0.67;0.56,CYP2D6,*1/*10,"c.1304G>C,c.408G>C","p.Val136Val,p.Ser435Thr",Het,,正常代谢型,常规用药,常规用药,FDA PGx,,"rs1058164,rs1135840","chr22:42129130:C>G,chr22:42130692:G>A"
E-B24169320585,protriptyline,普罗替林,"496.64,665.64","14,18;12,24",0.67;0.56,CYP2D6,*1/*10,"c.1304G>C,c.408G>C","p.Val136Val,p.Ser435Thr",Het,,正常代谢型,常规用药,常规用药,FDA PGx,,"rs1058164,rs1135840","chr22:42129130:C>G,chr22:42130692:G>A"
E-B24169320585,risperidone,利培酮,"496.64,665.64","14,18;12,24",0.67;0.56,CYP2D6,*1/*10,"c.1304G>C,c.408G>C","p.Val136Val,p.Ser435Thr",Het,剂量指导,正常代谢型,常规用药,指南未对正常代谢者的利培酮使用提供推荐。,DPWG,,"rs1058164,rs1135840","chr22:42129130:C>G,chr22:42130692:G>A"
E-B24169320585,tamoxifen,他莫昔芬,"496.64,665.64","14,18;12,24",0.67;0.56,CYP2D6,*1/*10,"c.1304G>C,c.408G>C","p.Val136Val,p.Ser435Thr",Het,剂量指导,正常代谢型,换药或者停掉CYP2D6抑制剂,避免使用中强效CYP2D6抑制剂，并以他莫昔芬20毫克/天的标准剂量开始治疗。,CPIC,,"rs1058164,rs1135840","chr22:42129130:C>G,chr22:42130692:G>A"
E-B24169320585,tamsulosin,坦索罗辛,"496.64,665.64","14,18;12,24",0.67;0.56,CYP2D6,*1/*10,"c.1304G>C,c.408G>C","p.Val136Val,p.Ser435Thr",Het,,正常代谢型,常规用药,常规用药,FDA Label,,"rs1058164,rs1135840","chr22:42129130:C>G,chr22:42130692:G>A"
E-B24169320585,tetrabenazine,丁苯那嗪,"496.64,665.64","14,18;12,24",0.67;0.56,CYP2D6,*1/*10,"c.1304G>C,c.408G>C","p.Val136Val,p.Ser435Thr",Het,剂量指导,正常代谢型,降低剂量,对于需要每日剂量超过50毫克的丁苯那嗪患者，应每周缓慢增加12.5毫克，直至找到可耐受的剂量，最大日剂量为100毫克。,FDA Label,,"rs1058164,rs1135840","chr22:42129130:C>G,chr22:42130692:G>A"
E-B24169320585,thioridazine,硫利达嗪,"496.64,665.64","14,18;12,24",0.67;0.56,CYP2D6,*1/*10,"c.1304G>C,c.408G>C","p.Val136Val,p.Ser435Thr",Het,,正常代谢型,常规用药,常规用药,FDA Label,,"rs1058164,rs1135840","chr22:42129130:C>G,chr22:42130692:G>A"
E-B24169320585,tolterodine,托特罗定,"496.64,665.64","14,18;12,24",0.67;0.56,CYP2D6,*1/*10,"c.1304G>C,c.408G>C","p.Val136Val,p.Ser435Thr",Het,,正常代谢型,常规用药,常规用药,FDA PGx,,"rs1058164,rs1135840","chr22:42129130:C>G,chr22:42130692:G>A"
E-B24169320585,tramadol,曲马多,"496.64,665.64","14,18;12,24",0.67;0.56,CYP2D6,*1/*10,"c.1304G>C,c.408G>C","p.Val136Val,p.Ser435Thr",Het,剂量指导,正常代谢型,遵医嘱用药,按照药品标签推荐的年龄或体重特定剂量使用曲马多。,CPIC,,"rs1058164,rs1135840","chr22:42129130:C>G,chr22:42130692:G>A"
E-B24169320585,trimipramine,曲米帕明,"496.64,665.64","14,18;12,24",0.67;0.56,CYP2D6,*1/*10,"c.1304G>C,c.408G>C","p.Val136Val,p.Ser435Thr",Het,剂量指导,正常代谢型,常规用药,以推荐的起始剂量开始治疗。,CPIC,,"rs1058164,rs1135840","chr22:42129130:C>G,chr22:42130692:G>A"
E-B24169320585,tropisetron,托烷司琼,"496.64,665.64","14,18;12,24",0.67;0.56,CYP2D6,*1/*10,"c.1304G>C,c.408G>C","p.Val136Val,p.Ser435Thr",Het,剂量指导,正常代谢型,常规用药,以推荐的起始剂量开始治疗。,CPIC,,"rs1058164,rs1135840","chr22:42129130:C>G,chr22:42130692:G>A"
E-B24169320585,valbenazine,缬苯那嗪,"496.64,665.64","14,18;12,24",0.67;0.56,CYP2D6,*1/*10,"c.1304G>C,c.408G>C","p.Val136Val,p.Ser435Thr",Het,,正常代谢型,常规用药,常规用药,FDA Label,,"rs1058164,rs1135840","chr22:42129130:C>G,chr22:42130692:G>A"
E-B24169320585,venlafaxine,文拉法辛,"496.64,665.64","14,18;12,24",0.67;0.56,CYP2D6,*1/*10,"c.1304G>C,c.408G>C","p.Val136Val,p.Ser435Thr",Het,剂量指导,正常代谢型,常规用药,以推荐的起始剂量开始治疗。,CPIC,,"rs1058164,rs1135840","chr22:42129130:C>G,chr22:42130692:G>A"
E-B24169320585,viloxazine,维洛沙嗪,"496.64,665.64","14,18;12,24",0.67;0.56,CYP2D6,*1/*10,"c.1304G>C,c.408G>C","p.Val136Val,p.Ser435Thr",Het,,正常代谢型,常规用药,常规用药,FDA PGx,,"rs1058164,rs1135840","chr22:42129130:C>G,chr22:42130692:G>A"
E-B24169320585,vortioxetine,伏硫西汀,"496.64,665.64","14,18;12,24",0.67;0.56,CYP2D6,*1/*10,"c.1304G>C,c.408G>C","p.Val136Val,p.Ser435Thr",Het,剂量指导,正常代谢型,常规用药,以推荐的起始剂量开始治疗。,CPIC,,"rs1058164,rs1135840","chr22:42129130:C>G,chr22:42130692:G>A"
E-B24169320585,zuclopenthixol,珠氯噻醇,"496.64,665.64","14,18;12,24",0.67;0.56,CYP2D6,*1/*10,"c.1304G>C,c.408G>C","p.Val136Val,p.Ser435Thr",Het,剂量指导,正常代谢型,常规用药,指南未对正常代谢者的珠氯噻醇使用提供推荐。,DPWG,,"rs1058164,rs1135840","chr22:42129130:C>G,chr22:42130692:G>A"
E-B24169320585,quetiapine,喹硫平,.,.,.,CYP3A4,*1/*1,.,.,Hom,剂量指导,正常代谢型,常规用药,该指南未对正常代谢者使用喹硫平提供建议。,DPWG,,.,.
E-B24169320585,tacrolimus,他克莫司,932.64,"21,34",0.62,CYP3A5,*1/*3,c.*467-1A>G,,Het,"剂量指导, 预测疗效",中间代谢型,增加剂量,将起始剂量增加至推荐剂量的1.5到2倍，并使用治疗药物监测指导剂量调整。,CPIC,,rs776746,chr7:99672916:T>C
E-B24169320585,warfarin,华法林,.,.,.,CYP4F2,*1/*1,.,.,Hom,剂量指导,.,降低剂量,未找到指南。,CPIC,,.,.
E-B24169320585,capecitabine,卡培他滨,.,.,.,DPYD,Reference/Reference,.,.,Hom,剂量指导,.,遵医嘱用药,根据基因型，没有迹象表明需要改变剂量或疗法，应按标签推荐使用。,CPIC,,.,.
E-B24169320585,flucytosine,氟胞嘧啶,.,.,.,DPYD,Reference/Reference,.,.,Hom,剂量指导,.,常规用药,指南未对DPYD活性评分为2的患者使用氟胞嘧啶提供推荐。,DPWG,,.,.
E-B24169320585,fluorouracil,氟尿嘧啶,.,.,.,DPYD,Reference/Reference,.,.,Hom,剂量指导,.,遵医嘱用药,根据基因型，没有迹象表明需要改变剂量或疗法，应按标签推荐使用。,CPIC,,.,.
E-B24169320585,tegafur,替加氟,.,.,.,DPYD,Reference/Reference,.,.,Hom,剂量指导,.,常规用药,该指南未对DPYD活性评分为2的患者使用替加氟提供建议。,DPWG,,.,.
E-B24169320585,bupivacaine,布比卡因,.,.,.,G6PD,B (reference)/B (reference),.,.,Hom,,.,常规用药,常规用药,FDA Label,,.,.
E-B24169320585,chloroquine,氯喹,.,.,.,G6PD,B (reference)/B (reference),.,.,Hom,,.,常规用药,常规用药,FDA Label,,.,.
E-B24169320585,chlorpropamide,氯磺丙脲,.,.,.,G6PD,B (reference)/B (reference),.,.,Hom,,.,常规用药,常规用药,FDA Label,,.,.
E-B24169320585,dabrafenib,达拉非尼,.,.,.,G6PD,B (reference)/B (reference),.,.,Hom,,.,常规用药,常规用药,FDA Label,,.,.
E-B24169320585,dapsone,氨苯砜,.,.,.,G6PD,B (reference)/B (reference),.,.,Hom,不良反应预测,.,常规用药,根据G6PD状态，没有理由避免使用该药物。,CPIC,,.,.
E-B24169320585,flutamide,氟他胺,.,.,.,G6PD,B (reference)/B (reference),.,.,Hom,,.,常规用药,常规用药,FDA Label,,.,.
E-B24169320585,glimepiride,格列美脲,.,.,.,G6PD,B (reference)/B (reference),.,.,Hom,,.,常规用药,常规用药,FDA Label,,.,.
E-B24169320585,glipizide,格列吡嗪,.,.,.,G6PD,B (reference)/B (reference),.,.,Hom,,.,常规用药,常规用药,FDA Label,,.,.
E-B24169320585,glyburide,格列本脲,.,.,.,G6PD,B (reference)/B (reference),.,.,Hom,,.,常规用药,常规用药,FDA Label,,.,.
E-B24169320585,hydroxychloroquine,羟氯喹,.,.,.,G6PD,B (reference)/B (reference),.,.,Hom,,.,常规用药,常规用药,FDA Label,,.,.
E-B24169320585,mepivacaine,甲哌卡因,.,.,.,G6PD,B (reference)/B (reference),.,.,Hom,,.,常规用药,常规用药,FDA Label,,.,.
E-B24169320585,methylene blue,亚甲蓝,.,.,.,G6PD,B (reference)/B (reference),.,.,Hom,不良反应预测,.,常规用药,根据G6PD状态，没有理由避免使用该药物。,CPIC,,.,.
E-B24169320585,moviprep,复方聚乙二醇电解质,.,.,.,G6PD,B (reference)/B (reference),.,.,Hom,,.,常规用药,常规用药,FDA Label,,.,.
E-B24169320585,nalidixic acid,萘啶酸,.,.,.,G6PD,B (reference)/B (reference),.,.,Hom,,.,常规用药,常规用药,FDA Label,,.,.
E-B24169320585,nitrofurantoin,呋喃妥因,.,.,.,G6PD,B (reference)/B (reference),.,.,Hom,不良反应预测,.,常规用药,根据G6PD状态，没有理由避免使用该药物。,CPIC,,.,.
E-B24169320585,pegloticase,聚乙二醇化尿酸酶,.,.,.,G6PD,B (reference)/B (reference),.,.,Hom,不良反应预测,.,常规用药,根据G6PD状态，没有理由避免使用该药物。,CPIC,,.,.
E-B24169320585,primaquine,伯氨喹,.,.,.,G6PD,B (reference)/B (reference),.,.,Hom,不良反应预测,.,常规用药,根据G6PD状态，没有理由避免使用该药物。,CPIC,,.,.
E-B24169320585,rasburicase,拉布立酶,.,.,.,G6PD,B (reference)/B (reference),.,.,Hom,不良反应预测,.,常规用药,根据G6PD状态，没有理由避免使用该药物。,CPIC,,.,.
E-B24169320585,sodium ascorbate,抗坏血酸钠,.,.,.,G6PD,B (reference)/B (reference),.,.,Hom,,.,常规用药,常规用药,FDA Label,,.,.
E-B24169320585,sodium nitrite,亚硝酸钠,.,.,.,G6PD,B (reference)/B (reference),.,.,Hom,,.,常规用药,常规用药,FDA Label,,.,.
E-B24169320585,sulfasalazine,柳氮磺吡啶,.,.,.,G6PD,B (reference)/B (reference),.,.,Hom,,.,常规用药,常规用药,FDA Label,,.,.
E-B24169320585,tafenoquine,他非诺喹,.,.,.,G6PD,B (reference)/B (reference),.,.,Hom,不良反应预测,.,常规用药,根据G6PD状态，没有理由避免使用该药物。,CPIC,,.,.
E-B24169320585,tolazamide,妥拉磺脲,.,.,.,G6PD,B (reference)/B (reference),.,.,Hom,,.,常规用药,常规用药,FDA Label,,.,.
E-B24169320585,tolbutamide,甲苯磺丁脲,.,.,.,G6PD,B (reference)/B (reference),.,.,Hom,,.,常规用药,常规用药,FDA Label,,.,.
E-B24169320585,toluidine blue,甲苯胺蓝,.,.,.,G6PD,B (reference)/B (reference),.,.,Hom,不良反应预测,.,常规用药,根据G6PD状态，没有理由避免使用该药物。,CPIC,,.,.
E-B24169320585,carbamazepine,卡马西平,.,.,.,HLA-A,*26:01/*68:01,.,.,Het,剂量指导,.,常规用药,按照标准给药指南使用卡马西平。,CPIC,,.,.
E-B24169320585,abacavir,阿巴卡韦,.,.,.,HLA-B,*40:01/*40:01,.,.,Hom,剂量指导,.,常规用药,按照标准给药指南使用阿巴卡韦。,CPIC,,.,.
E-B24169320585,allopurinol,别嘌醇,.,.,.,HLA-B,*40:01/*40:01,.,.,Hom,剂量指导,.,常规用药,按照标准给药指南使用别嘌醇。,CPIC,,.,.
E-B24169320585,carbamazepine,卡马西平,.,.,.,HLA-B,*40:01/*40:01,.,.,Hom,剂量指导,.,常规用药,按照标准给药指南使用卡马西平。,CPIC,,.,.
E-B24169320585,flucloxacillin,氟氯西林,.,.,.,HLA-B,*40:01/*40:01,.,.,Hom,,.,常规用药,常规用药,DPWG,,.,.
E-B24169320585,fosphenytoin,磷苯妥英,.,.,.,HLA-B,*40:01/*40:01,.,.,Hom,剂量指导,.,常规用药,无需调整常规给药策略，但后续剂量应根据药物监测和临床反应调整。,CPIC,,.,.
E-B24169320585,lamotrigine,拉莫三嗪,.,.,.,HLA-B,*40:01/*40:01,.,.,Hom,剂量指导,.,常规用药,指南未对HLA-B*15:02阴性的患者使用拉莫三嗪提供推荐。,DPWG,,.,.
E-B24169320585,oxcarbazepine,奥卡西平,.,.,.,HLA-B,*40:01/*40:01,.,.,Hom,剂量指导,.,常规用药,按照标准给药指南使用奥卡西平。,CPIC,,.,.
E-B24169320585,pazopanib,帕唑帕尼,.,.,.,HLA-B,*40:01/*40:01,.,.,Hom,,.,常规用药,常规用药,FDA PGx,,.,.
E-B24169320585,phenytoin,苯妥英,.,.,.,HLA-B,*40:01/*40:01,.,.,Hom,剂量指导,.,常规用药,无需调整常规给药策略，但后续剂量应根据药物监测和临床反应调整。,CPIC,,.,.
E-B24169320585,peginterferon alfa-2a,聚乙二醇干扰素α-2a,140.64,"8,6",0.43,IFNL3,rs12979860 reference (C)/rs12979860 variant (T),c.-3070G>A,,Het,,.,常规用药,常规用药,CPIC,,rs12979860,chr22:42126611:C>G
E-B24169320585,peginterferon alfa-2b,聚乙二醇干扰素α-2b,140.64,"8,6",0.43,IFNL3,rs12979860 reference (C)/rs12979860 variant (T),c.-3070G>A,,Het,,.,常规用药,常规用药,CPIC,,rs12979860,chr22:42126611:C>G
E-B24169320585,ribavirin,利巴韦林,140.64,"8,6",0.43,IFNL3,rs12979860 reference (C)/rs12979860 variant (T),c.-3070G>A,,Het,,.,常规用药,常规用药,CPIC,,rs12979860,chr22:42126611:C>G
E-B24169320585,amikacin,阿米卡星,.,.,.,MT-RNR1,Reference,.,.,.,"剂量指导, 预测毒副作用",氨基糖苷类药物诱导听力损失风险正常,常规用药,以标准剂量使用氨基糖苷类抗生素，疗程尽可能短，并进行治疗剂量监测和定期听力评估。,CPIC,,.,.
E-B24169320585,dibekacin,地贝卡星,.,.,.,MT-RNR1,Reference,.,.,.,"剂量指导, 预测毒副作用",氨基糖苷类药物诱导听力损失风险正常,常规用药,以标准剂量使用氨基糖苷类抗生素，疗程尽可能短，并进行治疗剂量监测和定期听力评估。,CPIC,,.,.
E-B24169320585,gentamicin,庆大霉素,.,.,.,MT-RNR1,Reference,.,.,.,"剂量指导, 预测毒副作用",氨基糖苷类药物诱导听力损失风险正常,常规用药,以标准剂量使用氨基糖苷类抗生素，疗程尽可能短，并进行治疗剂量监测和定期听力评估。,CPIC,,.,.
E-B24169320585,kanamycin,卡那霉素,.,.,.,MT-RNR1,Reference,.,.,.,"剂量指导, 预测毒副作用",氨基糖苷类药物诱导听力损失风险正常,常规用药,以标准剂量使用氨基糖苷类抗生素，疗程尽可能短，并进行治疗剂量监测和定期听力评估。,CPIC,,.,.
E-B24169320585,neomycin,新霉素,.,.,.,MT-RNR1,Reference,.,.,.,"剂量指导, 预测毒副作用",氨基糖苷类药物诱导听力损失风险正常,常规用药,以标准剂量使用氨基糖苷类抗生素，疗程尽可能短，并进行治疗剂量监测和定期听力评估。,CPIC,,.,.
E-B24169320585,netilmicin,奈替米星,.,.,.,MT-RNR1,Reference,.,.,.,"剂量指导, 预测毒副作用",氨基糖苷类药物诱导听力损失风险正常,常规用药,以标准剂量使用氨基糖苷类抗生素，疗程尽可能短，并进行治疗剂量监测和定期听力评估。,CPIC,,.,.
E-B24169320585,paromomycin,巴龙霉素,.,.,.,MT-RNR1,Reference,.,.,.,"剂量指导, 预测毒副作用",氨基糖苷类药物诱导听力损失风险正常,常规用药,以标准剂量使用氨基糖苷类抗生素，疗程尽可能短，并进行治疗剂量监测和定期听力评估。,CPIC,,.,.
E-B24169320585,plazomicin,普拉佐米星,.,.,.,MT-RNR1,Reference,.,.,.,"剂量指导, 预测毒副作用",氨基糖苷类药物诱导听力损失风险正常,常规用药,以标准剂量使用氨基糖苷类抗生素，疗程尽可能短，并进行治疗剂量监测和定期听力评估。,CPIC,,.,.
E-B24169320585,ribostamycin,核糖霉素,.,.,.,MT-RNR1,Reference,.,.,.,"剂量指导, 预测毒副作用",氨基糖苷类药物诱导听力损失风险正常,常规用药,以标准剂量使用氨基糖苷类抗生素，疗程尽可能短，并进行治疗剂量监测和定期听力评估。,CPIC,,.,.
E-B24169320585,streptomycin,链霉素,.,.,.,MT-RNR1,Reference,.,.,.,"剂量指导, 预测毒副作用",氨基糖苷类药物诱导听力损失风险正常,常规用药,以标准剂量使用氨基糖苷类抗生素，疗程尽可能短，并进行治疗剂量监测和定期听力评估。,CPIC,,.,.
E-B24169320585,tobramycin,妥布霉素,.,.,.,MT-RNR1,Reference,.,.,.,"剂量指导, 预测毒副作用",氨基糖苷类药物诱导听力损失风险正常,常规用药,以标准剂量使用氨基糖苷类抗生素，疗程尽可能短，并进行治疗剂量监测和定期听力评估。,CPIC,,.,.
E-B24169320585,azathioprine,硫唑嘌呤,.,.,.,NUDT15,*1/*1,.,.,Hom,剂量指导,正常代谢型,遵医嘱用药,硫唑嘌呤应以正常剂量开始并根据指南调整，每次调整后需2周达到稳态。,CPIC,,.,.
E-B24169320585,mercaptopurine,巯嘌呤,.,.,.,NUDT15,*1/*1,.,.,Hom,剂量指导,正常代谢型,常规用药,以正常起始剂量开始使用巯嘌呤，并同等调整所有骨髓抑制性治疗。,CPIC,,.,.
E-B24169320585,thioguanine,硫鸟嘌呤,.,.,.,NUDT15,*1/*1,.,.,Hom,剂量指导,正常代谢型,常规用药,以正常起始剂量开始使用硫鸟嘌呤，并同等调整所有骨髓抑制性治疗。,CPIC,,.,.
E-B24169320585,desflurane,地氟烷,352.64,"21,14",0.4,RYR1,Reference/Reference,c.7089C>G,p.Cys2363Trp,Hom,预测毒副作用,易感性不确定,换药或遵医嘱用药,临床发现、家族史、进一步的基因检测和其他实验室数据应指导卤代挥发性麻醉剂或去极化肌松药的使用。,CPIC,,.,chr19:39248147:C>T
E-B24169320585,enflurane,恩氟烷,352.64,"21,14",0.4,RYR1,Reference/Reference,c.7089C>G,p.Cys2363Trp,Hom,预测毒副作用,易感性不确定,换药或遵医嘱用药,临床发现、家族史、进一步的基因检测和其他实验室数据应指导卤代挥发性麻醉剂或去极化肌松药的使用。,CPIC,,.,chr19:39248147:C>T
E-B24169320585,halothane,氟烷,352.64,"21,14",0.4,RYR1,Reference/Reference,c.7089C>G,p.Cys2363Trp,Hom,预测毒副作用,易感性不确定,换药或遵医嘱用药,临床发现、家族史、进一步的基因检测和其他实验室数据应指导卤代挥发性麻醉剂或去极化肌松药的使用。,CPIC,,.,chr19:39248147:C>T
E-B24169320585,isoflurane,异氟烷,352.64,"21,14",0.4,RYR1,Reference/Reference,c.7089C>G,p.Cys2363Trp,Hom,预测毒副作用,易感性不确定,换药或遵医嘱用药,临床发现、家族史、进一步的基因检测和其他实验室数据应指导卤代挥发性麻醉剂或去极化肌松药的使用。,CPIC,,.,chr19:39248147:C>T
E-B24169320585,methoxyflurane,甲氧氟烷,352.64,"21,14",0.4,RYR1,Reference/Reference,c.7089C>G,p.Cys2363Trp,Hom,预测毒副作用,易感性不确定,换药或遵医嘱用药,临床发现、家族史、进一步的基因检测和其他实验室数据应指导卤代挥发性麻醉剂或去极化肌松药的使用。,CPIC,,.,chr19:39248147:C>T
E-B24169320585,sevoflurane,七氟烷,352.64,"21,14",0.4,RYR1,Reference/Reference,c.7089C>G,p.Cys2363Trp,Hom,预测毒副作用,易感性不确定,换药或遵医嘱用药,临床发现、家族史、进一步的基因检测和其他实验室数据应指导卤代挥发性麻醉剂或去极化肌松药的使用。,CPIC,,.,chr19:39248147:C>T
E-B24169320585,succinylcholine,琥珀胆碱,352.64,"21,14",0.4,RYR1,Reference/Reference,c.7089C>G,p.Cys2363Trp,Hom,预测毒副作用,易感性不确定,换药或遵医嘱用药,临床发现、家族史、进一步的基因检测和其他实验室数据应指导卤代挥发性麻醉剂或去极化肌松药的使用。,CPIC,,.,chr19:39248147:C>T
E-B24169320585,atorvastatin,阿托伐他汀,2299.06,"0,77",1.0,SLCO1B1,*37/*37,c.388A>G,p.Asn130Asp,Hom,剂量指导,.,常规用药,按期望的起始剂量开具处方，并根据疾病特定指南调整剂量。,CPIC,,rs2306283,chr12:21176804:A>G
E-B24169320585,elagolix,艾拉戈利,2299.06,"0,77",1.0,SLCO1B1,*37/*37,c.388A>G,p.Asn130Asp,Hom,,功能正常,常规用药,常规用药,FDA PGx,,rs2306283,chr12:21176804:A>G
E-B24169320585,fluvastatin,氟伐他汀,2299.06,"0,77",1.0,SLCO1B1,*37/*37,c.388A>G,p.Asn130Asp,Hom,剂量指导,功能正常,遵医嘱用药,氟伐他汀应从期望的起始剂量开始，并根据疾病特定指南进行调整。,CPIC,,rs2306283,chr12:21176804:A>G
E-B24169320585,lovastatin,洛伐他汀,2299.06,"0,77",1.0,SLCO1B1,*37/*37,c.388A>G,p.Asn130Asp,Hom,剂量指导,功能正常,常规用药,按期望的起始剂量开具处方，并根据疾病特定指南调整剂量。,CPIC,,rs2306283,chr12:21176804:A>G
E-B24169320585,pitavastatin,匹伐他汀,2299.06,"0,77",1.0,SLCO1B1,*37/*37,c.388A>G,p.Asn130Asp,Hom,剂量指导,功能正常,常规用药,按期望的起始剂量开具处方，并根据疾病特定指南调整剂量。,CPIC,,rs2306283,chr12:21176804:A>G
E-B24169320585,pravastatin,普伐他汀,2299.06,"0,77",1.0,SLCO1B1,*37/*37,c.388A>G,p.Asn130Asp,Hom,剂量指导,功能正常,常规用药,按期望的起始剂量开具处方，并根据疾病特定指南调整剂量。,CPIC,,rs2306283,chr12:21176804:A>G
E-B24169320585,rosuvastatin,瑞舒伐他汀,2299.06,"0,77",1.0,SLCO1B1,*37/*37,c.388A>G,p.Asn130Asp,Hom,剂量指导,.,常规用药,按期望的起始剂量处方瑞舒伐他汀，并根据疾病特定指南调整剂量。,CPIC,,rs2306283,chr12:21176804:A>G
E-B24169320585,simvastatin,辛伐他汀,2299.06,"0,77",1.0,SLCO1B1,*37/*37,c.388A>G,p.Asn130Asp,Hom,剂量指导,.,常规用药,按期望的起始剂量开具处方，并根据疾病特定指南调整剂量。,CPIC,,rs2306283,chr12:21176804:A>G
E-B24169320585,azathioprine,硫唑嘌呤,.,.,.,TPMT,*1/*1,.,.,Hom,剂量指导,正常代谢型,遵医嘱用药,硫唑嘌呤应以正常剂量开始并根据指南调整，每次调整后需2周达到稳态。,CPIC,,.,.
E-B24169320585,mercaptopurine,巯嘌呤,.,.,.,TPMT,*1/*1,.,.,Hom,剂量指导,正常代谢型,常规用药,以正常起始剂量开始使用巯嘌呤，并同等调整所有骨髓抑制性治疗。,CPIC,,.,.
E-B24169320585,thioguanine,硫鸟嘌呤,.,.,.,TPMT,*1/*1,.,.,Hom,剂量指导,正常代谢型,常规用药,以正常起始剂量开始使用硫鸟嘌呤，并同等调整所有骨髓抑制性治疗。,CPIC,,.,.
E-B24169320585,atazanavir,阿扎那韦,.,.,.,UGT1A1,*1/*1,.,.,Hom,不良反应预测,正常代谢型,常规用药，监测胆红素,无需根据UGT1A1基因检测结果避免使用阿扎那韦，但应告知患者其基因型导致因黄疸停药的可能性很低。,CPIC,,.,.
E-B24169320585,belinostat,贝利司他,.,.,.,UGT1A1,*1/*1,.,.,Hom,,正常代谢型,常规用药,常规用药,FDA Label,,.,.
E-B24169320585,dolutegravir,多替拉韦,.,.,.,UGT1A1,*1/*1,.,.,Hom,,正常代谢型,常规用药,常规用药,FDA PGx,,.,.
E-B24169320585,irinotecan,伊立替康,.,.,.,UGT1A1,*1/*1,.,.,Hom,剂量指导,正常代谢型,常规用药,该指南未对正常代谢者使用伊立替康提供建议。,DPWG,,.,.
E-B24169320585,nilotinib,尼洛替尼,.,.,.,UGT1A1,*1/*1,.,.,Hom,,正常代谢型,常规用药,常规用药,FDA PGx,,.,.
E-B24169320585,pazopanib,帕唑帕尼,.,.,.,UGT1A1,*1/*1,.,.,Hom,,正常代谢型,常规用药,常规用药,FDA PGx,,.,.
E-B24169320585,raltegravir,拉替拉韦,.,.,.,UGT1A1,*1/*1,.,.,Hom,,正常代谢型,常规用药,常规用药,FDA PGx,,.,.
E-B24169320585,sacituzumab govitecan,戈沙妥珠单抗,.,.,.,UGT1A1,*1/*1,.,.,Hom,,正常代谢型,常规用药,常规用药,FDA Label,,.,.
E-B24169320585,acenocoumarol,醋硝香豆素,1769.06,"0,50",1.0,VKORC1,rs9923231 variant (T)/rs9923231 variant (T),c.-1639G>A,,Hom,剂量指导,.,降低剂量,需由国家INR监测服务（抗凝门诊）进行监测。,DPWG,,rs9923231,chr16:31096368:C>T
E-B24169320585,phenprocoumon,苯丙香豆素,1769.06,"0,50",1.0,VKORC1,rs9923231 variant (T)/rs9923231 variant (T),c.-1639G>A,,Hom,剂量指导,.,降低剂量,需由抗凝门诊进行监测。,DPWG,,rs9923231,chr16:31096368:C>T
E-B24169320585,warfarin,华法林,1769.06,"0,50",1.0,VKORC1,rs9923231 variant (T)/rs9923231 variant (T),c.-1639G>A,,Hom,剂量指导,.,降低剂量,使用60%的标准初始剂量。,CPIC,,rs9923231,chr16:31096368:C>T
