CHROM,POS,ID,REF,ALT,Name
chr1,97078987,rs114096998,G,T,NM_000110.4(DPYD):c.3067C>T (p.Pro1023Ser)
chr1,97450058,rs3918290,C,T,NM_000110.4(DPYD):c.1905+1G>C
chr1,97450059,rs3918289,G,C,NM_000110.4(DPYD):c.1905C>T (p.Asn635=)
chr1,97450068,rs17376848,A,G,NM_000110.4(DPYD):c.1896del (p.Pro633fs)
chr1,97549735,rs72975710,G,A,NM_000110.4(DPYD):c.1349C>G (p.Ala450Gly)
chr1,97573919,rs140602333,G,A,NM_000110.4(DPYD):c.1180C>A (p.Arg394=)
chr1,97883329,rs1801265,A,G,NM_000110.4(DPYD):c.85= (p.Cys29=)
chr1,201060815,rs1800559,C,T,NM_000069.3(CACNA1S):c.3257G>T (p.Arg1086Leu)
chr1,201091993,rs772226819,G,A,NM_000069.3(CACNA1S):c.520C>A (p.Arg174=)
chr2,233760973,rs35350960,C,A,NM_000463.3(UGT1A1):c.686C>T (p.Pro229Leu)
chr7,99672916,rs776746,T,C,NM_000777.5(CYP3A5):c.219-237=
chr7,99768424,rs113667357,T,A,NM_017460.6(CYP3A4):c.600A>G (p.Gln200=)
chr7,117509035,rs397508256,G,A,NM_000492.4(CFTR):c.166G>T (p.Glu56Ter)
chr7,117509089,rs115545701,C,T,NM_000492.4(CFTR):c.220C>A (p.Arg74=)
chr7,117530953,rs113993958,G,C,NM_000492.4(CFTR):c.328G>A (p.Asp110Asn)
chr7,117530953,rs113993958,G,C,NM_000492.4(CFTR):c.328del (p.Asp110fs)
chr7,117530953,rs113993958,G,C,NM_000492.4(CFTR):c.328G>T (p.Asp110Tyr)
chr7,117530955,rs397508537,C,A,NM_000492.4(CFTR):c.330C>G (p.Asp110Glu)
chr7,117530955,rs397508537,C,A,NM_000492.4(CFTR):c.330C>T (p.Asp110=)
chr7,117530955,rs397508537,C,A,NM_000492.4(CFTR):c.332del (p.Pro111fs)
chr7,117530974,rs77834169,C,T,NM_000492.4(CFTR):c.349C>G (p.Arg117Gly)
chr7,117530975,rs78655421,G,A,NM_000492.4(CFTR):c.350G>T (p.Arg117Leu)
chr7,117530975,rs78655421,G,A,NM_000492.4(CFTR):c.350G>C (p.Arg117Pro)
chr7,117534318,rs80282562,G,A,NM_000492.4(CFTR):c.532G>C (p.Gly178Arg)
chr7,117534363,rs397508759,G,A,NM_000492.4(CFTR):c.577G>T (p.Glu193Ter)
chr7,117534368,rs397508761,A,G,NM_000492.4(CFTR):c.579+3A>T
chr7,117535285,rs121908752,T,G,NM_000492.4(CFTR):c.617T>A (p.Leu206Ter)
chr7,117540270,rs77932196,G,A,NM_000492.4(CFTR):c.1040G>T (p.Arg347Leu)
chr7,117540270,rs77932196,G,A,NM_000492.4(CFTR):c.1040G>C (p.Arg347Pro)
chr7,117548795,rs74551128,C,A,NM_000492.4(CFTR):c.1364C>G (p.Ala455Gly)
chr7,117548795,rs74551128,C,A,NM_000492.4(CFTR):c.1364C>T (p.Ala455Val)
chr7,117587800,rs121908755,G,A,NM_000492.4(CFTR):c.1646G>C (p.Ser549Thr)
chr7,117587800,rs121908755,G,A,NM_000492.4(CFTR):c.1646G>T (p.Ser549Ile)
chr7,117587801,rs121909005,T,G,NM_000492.4(CFTR):c.1647T>C (p.Ser549=)
chr7,117587801,rs121909005,T,G,NM_000492.4(CFTR):c.1647T>A (p.Ser549Arg)
chr7,117587805,rs121909013,G,A,NM_000492.4(CFTR):c.1652del (p.Gly551fs)
chr7,117587806,rs75527207,G,A,NM_000492.4(CFTR):c.1652G>T (p.Gly551Val)
chr7,117590409,rs397508288,A,G,NM_000492.4(CFTR):c.1736A>T (p.Asp579Val)
chr7,117590409,rs397508288,A,G,NM_000492.4(CFTR):c.1736A>C (p.Asp579Ala)
chr7,117611640,rs121909020,G,A,NM_000492.4(CFTR):c.3199G>C (p.Ala1067Pro)
chr7,117611650,rs78769542,G,A,NM_000492.4(CFTR):c.3209G>C (p.Arg1070Pro)
chr7,117639961,rs75039782,C,T,NM_000492.4(CFTR):c.3718-2477C>G
chr7,117639961,rs75039782,C,T,NM_000492.4(CFTR):c.3718-2477C>A
chr7,117642451,rs267606723,G,A,NM_000492.4(CFTR):c.3731G>T (p.Gly1244Val)
chr7,117642472,rs74503330,G,A,NM_000492.4(CFTR):c.3752G>C (p.Ser1251Thr)
chr7,117642483,rs121909041,T,C,NM_000492.4(CFTR):c.3763T>A (p.Ser1255Thr)
chr7,117642528,rs11971167,G,A,NM_000492.4(CFTR):c.3808G>T (p.Asp1270Tyr)
chr7,117642528,rs11971167,G,A,NM_000492.4(CFTR):c.3808del (p.Asp1270fs)
chr10,94781859,rs4244285,G,A,NM_000769.4(CYP2C19):c.681G>T (p.Pro227=)
chr10,94942290,rs1799853,C,T,NM_000771.4(CYP2C9):c.430= (p.Arg144=)
chr10,94942290,rs1799853,C,T,NM_000771.3(CYP2C9):c.[430C=;1075A=]
chr10,94981296,rs1057910,A,C,NM_000771.4(CYP2C9):c.1075= (p.Ile359=)
chr12,21176871,.,G,A,NM_006446.5(SLCO1B1):c.455G>C (p.Arg152Thr)
chr19,38440796,rs193922746,A,G,NM_000540.3(RYR1):c.97A>C (p.Lys33Gln)
chr19,38440818,.,G,C,NM_000540.3(RYR1):c.119G>T (p.Gly40Val)
chr19,38440830,rs139161723,G,A,NM_000540.3(RYR1):c.131G>C (p.Arg44Pro)
chr19,38440851,rs193922749,C,A,NM_000540.3(RYR1):c.152C>T (p.Thr51Ile)
chr19,38442434,rs186983396,C,T,NM_000540.3(RYR1):c.251C>G (p.Thr84Arg)
chr19,38444179,.,C,A,NM_000540.3(RYR1):c.455C>T (p.Ala152Val)
chr19,38444203,rs193922752,A,G,NM_000540.3(RYR1):c.479A>C (p.Glu160Ala)
chr19,38444211,rs118192161,C,T,NM_000540.3(RYR1):c.487C>A (p.Arg163Ser)
chr19,38444252,.,G,T,NM_000540.3(RYR1):c.528G>A (p.Glu176=)
chr19,38446517,rs112596687,T,A,NM_000540.3(RYR1):c.677T>C (p.Met226Thr)
chr19,38448501,rs193922761,G,T,NM_000540.3(RYR1):c.947G>A (p.Arg316His)
chr19,38448673,rs193922762,C,T,NM_000540.3(RYR1):c.982C>A (p.Arg328=)
chr19,38451850,rs118192116,C,G,NM_000540.3(RYR1):c.1209C>T (p.Ile403=)
chr19,38452985,.,C,T,NM_000540.3(RYR1):c.1411C>G (p.Arg471Gly)
chr19,38452985,.,C,T,NM_000540.3(RYR1):c.1411C>A (p.Arg471Ser)
chr19,38452996,rs193922767,G,T,NM_000540.3(RYR1):c.1422G>C (p.Gln474His)
chr19,38452996,rs193922767,G,T,NM_000540.3(RYR1):c.1422G>A (p.Gln474=)
chr19,38455253,.,C,G,NM_000540.3(RYR1):c.1459C>T (p.Leu487=)
chr19,38455463,rs111888148,G,A,NM_000540.3(RYR1):c.1589G>T (p.Arg530Leu)
chr19,38455472,rs144336148,G,A,NM_000540.3(RYR1):c.1598G>T (p.Arg533Leu)
chr19,38455528,rs193922770,C,T,NM_000540.3(RYR1):c.1654C>A (p.Arg552=)
chr19,38457539,rs118204423,G,C,NM_000540.3(RYR1):c.1834G>A (p.Ala612Thr)
chr19,38457545,rs118192172,C,T,NM_000540.3(RYR1):c.1840C>G (p.Arg614Gly)
chr19,38457546,rs193922772,G,T,NM_000540.3(RYR1):c.1841G>A (p.Arg614His)
chr19,38463499,rs370634440,G,A,NM_000540.3(RYR1):c.2654G>T (p.Arg885Leu)
chr19,38466315,rs141942845,G,A,NM_000540.3(RYR1):c.3095G>T (p.Arg1032Leu)
chr19,38477816,rs145573319,A,G,NM_000540.3(RYR1):c.4400A>T (p.Lys1467Met)
chr19,38483357,rs193922777,C,T,NM_000540.3(RYR1):c.4775C>A (p.Pro1592Gln)
chr19,38485787,rs754785770,A,G,NM_000540.3(RYR1):c.5132A>C (p.Tyr1711Ser)
chr19,38485972,rs192863857,C,T,NM_000540.3(RYR1):c.5317C>G (p.Pro1773Ala)
chr19,38494381,rs770593660,G,C,NM_000540.3(RYR1):c.6304G>T (p.Val2102Leu)
chr19,38494464,rs117886618,C,G,NM_000540.3(RYR1):c.6387C>T (p.Asp2129=)
chr19,38494555,rs143398211,G,A,NM_000540.3(RYR1):c.6478G>C (p.Gly2160Arg)
chr19,38494564,rs118192175,C,T,NM_000540.3(RYR1):c.6487C>G (p.Arg2163Gly)
chr19,38494579,rs118192176,G,A,NM_000540.3(RYR1):c.6502G>C (p.Val2168Leu)
chr19,38494625,rs959170123,G,A,NM_000540.3(RYR1):c.6548G>C (p.Gly2183Ala)
chr19,38496265,rs193922791,C,T,NM_000540.3(RYR1):c.6599C>G (p.Ala2200Gly)
chr19,38496278,rs141646642,C,G,NM_000540.3(RYR1):c.6612C>T (p.His2204=)
chr19,38496294,rs193922792,G,T,NM_000540.3(RYR1):c.6628G>A (p.Val2210Ile)
chr19,38496294,rs193922792,G,T,NM_000540.3(RYR1):c.6628G>C (p.Val2210Leu)
chr19,38496301,rs193922793,T,A,NM_000540.3(RYR1):c.6635T>C (p.Val2212Ala)
chr19,38496901,rs193922797,G,A,NM_000540.3(RYR1):c.6838G>T (p.Val2280Phe)
chr19,38499177,rs34390345,A,G,NM_000540.3(RYR1):c.6961A>T (p.Ile2321Phe)
chr19,38499223,rs112563513,G,A,NM_000540.3(RYR1):c.7007G>T (p.Arg2336Leu)
chr19,38499234,.,T,C,NM_000540.3(RYR1):c.7018T>A (p.Phe2340Ile)
chr19,38499642,.,C,A,NM_000540.3(RYR1):c.7035C>T (p.Ser2345=)
chr19,38499642,.,C,A,NM_000540.3(RYR1):c.7035C>G (p.Ser2345Arg)
chr19,38499696,.,C,G,NM_000540.3(RYR1):c.7089C>T (p.Cys2363=)
chr19,38499706,rs146306934,G,A,NM_000540.3(RYR1):c.7099G>T (p.Ala2367Ser)
chr19,38499730,.,G,A,NM_000540.3(RYR1):c.7123G>C (p.Gly2375Arg)
chr19,38499731,rs193922807,G,C,NM_000540.3(RYR1):c.7124G>A (p.Gly2375Glu)
chr19,38499817,rs111364296,G,A,NM_000540.3(RYR1):c.7210G>T (p.Glu2404Ter)
chr19,38499975,rs193922809,G,A,NM_000540.3(RYR1):c.7282G>T (p.Ala2428Ser)
chr19,38500642,rs193922816,C,T,NM_000540.3(RYR1):c.7360C>A (p.Arg2454Ser)
chr19,38500863,rs193922817,C,T,NM_000540.3(RYR1):c.7487C>G (p.Pro2496Arg)
chr19,38500899,rs193922818,G,A,NM_000540.3(RYR1):c.7523G>C (p.Arg2508Pro)
chr19,38502669,.,C,G,NM_000540.3(RYR1):c.7777C>T (p.Arg2593Cys)
chr19,38502679,rs193922824,C,T,NM_000540.3(RYR1):c.7787C>G (p.Thr2596Ser)
chr19,38504319,rs193922826,C,T,NM_000540.3(RYR1):c.8026C>G (p.Arg2676Gly)
chr19,38504878,rs193922828,G,A,NM_000540.3(RYR1):c.8198G>C (p.Gly2733Ala)
chr19,38504878,rs193922828,G,A,NM_000540.3(RYR1):c.8198G>T (p.Gly2733Val)
chr19,38505923,rs193922830,C,T,NM_000540.3(RYR1):c.8518C>G (p.Arg2840Gly)
chr19,38506508,.,C,G,NM_000540.3(RYR1):c.8654C>T (p.Thr2885Met)
chr19,38512367,rs193922833,G,A,NM_000540.3(RYR1):c.9356G>T (p.Arg3119Leu)
chr19,38517523,.,T,A,NM_000540.3(RYR1):c.9850T>C (p.Trp3284Arg)
chr19,38519292,rs137932199,G,A,NM_000540.3(RYR1):c.10097G>T (p.Arg3366Leu)
chr19,38519424,.,C,A,NM_000540.3(RYR1):c.10229C>G (p.Pro3410Arg)
chr19,38519424,.,C,A,NM_000540.3(RYR1):c.10229C>T (p.Pro3410Leu)
chr19,38527710,.,G,C,NM_000540.3(RYR1):c.10750G>A (p.Glu3584Lys)
chr19,38529036,rs193922838,G,T,NM_000540.3(RYR1):c.11120G>A (p.Arg3707His)
chr19,38529036,rs193922838,G,T,NM_000540.3(RYR1):c.11120G>C (p.Arg3707Pro)
chr19,38529048,rs375915752,C,T,NM_000540.3(RYR1):c.11132C>A (p.Thr3711Lys)
chr19,38529048,rs375915752,C,T,NM_000540.3(RYR1):c.11132C>G (p.Thr3711Arg)
chr19,38534774,rs763112609,C,T,NM_000540.3(RYR1):c.11314C>G (p.Arg3772Gly)
chr19,38534775,rs193922839,G,A,NM_000540.3(RYR1):c.11315G>T (p.Arg3772Leu)
chr19,38534775,rs193922839,G,A,NM_000540.3(RYR1):c.11320del (p.Ala3774fs)
chr19,38543365,rs148399313,G,A,NM_000540.3(RYR1):c.11708G>C (p.Arg3903Pro)
chr19,38543365,rs148399313,G,A,NM_000540.3(RYR1):c.11708G>T (p.Arg3903Leu)
chr19,38543380,.,A,T,NM_000540.3(RYR1):c.11723A>G (p.Asn3908Ser)
chr19,38543832,rs193922843,G,T,NM_000540.3(RYR1):c.11969G>C (p.Gly3990Ala)
chr19,38561140,.,G,C,NM_000540.3(RYR1):c.12310G>A (p.Gly4104Ser)
chr19,38561236,rs193922849,C,A,NM_000540.3(RYR1):c.12406C>T (p.Arg4136Cys)
chr19,38561383,rs151119428,G,A,NM_000540.3(RYR1):c.12553G>T (p.Ala4185Ser)
chr19,38570619,rs771741606,C,T,NM_000540.3(RYR1):c.13672C>G (p.Arg4558Gly)
chr19,38572185,rs118192135,G,A,NM_000540.3(RYR1):c.13913G>T (p.Gly4638Val)
chr19,38572190,rs756850145,A,G,NM_000540.3(RYR1):c.13918A>T (p.Met4640Leu)
chr19,38572206,rs193922860,G,A,NM_000540.3(RYR1):c.13934G>C (p.Arg4645Pro)
chr19,38573304,rs118192140,C,T,NM_000540.3(RYR1):c.14126C>G (p.Thr4709Arg)
chr19,38575957,rs200766617,G,A,NM_000540.3(RYR1):c.14168G>T (p.Arg4723Leu)
chr19,38577931,.,A,C,NM_000540.3(RYR1):c.14186A>G (p.His4729Arg)
chr19,38578205,.,G,T,NM_000540.3(RYR1):c.14364+1G>A
chr19,38580041,.,C,A,NM_000540.3(RYR1):c.14424C>T (p.Phe4808=)
chr19,38580041,.,C,A,NM_000540.3(RYR1):c.14424C>G (p.Phe4808Leu)
chr19,38580066,rs143988412,A,T,NM_000540.3(RYR1):c.14449A>G (p.Ile4817Val)
chr19,38580126,.,C,G,NM_000540.3(RYR1):c.14509C>A (p.Gln4837Lys)
chr19,38580403,rs118192168,G,A,NM_000540.3(RYR1):c.14545G>T (p.Val4849Phe)
chr19,38580416,.,C,T,NM_000540.3(RYR1):c.14558C>A (p.Thr4853Asn)
chr19,38580439,rs118192181,C,T,NM_000540.3(RYR1):c.14581C>A (p.Arg4861Ser)
chr19,38580439,rs118192181,C,T,NM_000540.3(RYR1):c.14581C>G (p.Arg4861Gly)
chr19,38580440,rs63749869,G,A,NM_000540.3(RYR1):c.14582G>C (p.Arg4861Pro)
chr19,38580497,rs193922883,T,C,NM_000540.3(RYR1):c.14639T>A (p.Met4880Lys)
chr19,38584974,rs118192151,G,A,NM_000540.3(RYR1):c.14678G>T (p.Arg4893Leu)
chr19,38584974,rs118192151,G,A,NM_000540.3(RYR1):c.14678G>C (p.Arg4893Pro)
chr19,38584976,rs193922888,G,A,NM_000540.3(RYR1):c.14680G>C (p.Ala4894Pro)
chr19,38584989,rs118192170,T,C,NM_000540.3(RYR1):c.14693T>G (p.Ile4898Ser)
chr19,38584989,rs118192170,T,C,NM_000540.3(RYR1):c.14693T>A (p.Ile4898Asn)
chr19,38585948,rs118192159,C,G,NM_000540.3(RYR1):c.14814C>T (p.Ile4938=)
chr19,38585951,rs193922895,C,A,NM_000540.3(RYR1):c.14817C>G (p.Asp4939Glu)
chr19,38585951,rs193922895,C,A,NM_000540.3(RYR1):c.14817C>T (p.Asp4939=)
chr19,38587363,.,G,C,NM_000540.3(RYR1):c.15060G>T (p.Trp5020Cys)
chr19,41004133,rs148009906,G,A,NM_000767.5(CYP2B6):c.304G>T (p.Ala102Ser)
chr19,41009350,rs45482602,C,A,NM_000767.5(CYP2B6):c.777C>T (p.Ser259=)
chr22,42126611,rs1135840,C,G,NM_000106.6(CYP2D6):c.1457= (p.Ser486=)
chr22,42126627,.,A,C,NM_000106.6(CYP2D6):c.1441T>C (p.Phe481Leu)
chr22,42126667,rs1135832,C,G,NM_000106.6(CYP2D6):c.1401G>A (p.Ser467=)
chr22,42127565,rs61736517,T,C,NM_000106.6(CYP2D6):c.1055A>T (p.His352Leu)
chr22,42127941,rs16947,G,A,NM_000106.6(CYP2D6):c.886= (p.Arg296=)
chr22,42129130,rs1058164,C,G,NM_000106.6(CYP2D6):c.408= (p.Val136=)
chr22,42129180,rs1135822,A,T,NM_000106.6(CYP2D6):c.358T>C (p.Phe120Leu)
chrX,154532203,rs137852348,G,C,NM_001360016.2(G6PD):c.1442C>T (p.Pro481Leu)
chrX,154532257,rs72554664,C,T,NM_001360016.2(G6PD):c.1388G>T (p.Arg463Leu)
chrX,154532279,.,C,G,NM_001360016.2(G6PD):c.1366G>A (p.Asp456Asn)
chrX,154532389,rs137852324,C,T,NM_001360016.2(G6PD):c.1361G>T (p.Arg454Leu)
chrX,154532389,rs137852324,C,T,NM_001360016.2(G6PD):c.1361G>C (p.Arg454Pro)
chrX,154532434,rs137852337,C,G,NM_001360016.2(G6PD):c.1316G>A (p.Arg439His)
chrX,154532628,.,G,C,NM_001360016.2(G6PD):c.1226C>A (p.Pro409Gln)
chrX,154532667,.,G,A,NM_001360016.2(G6PD):c.1187C>G (p.Pro396Arg)
chrX,154532677,.,G,C,NM_001360016.2(G6PD):c.1177C>T (p.Arg393Cys)
chrX,154532701,rs137852322,A,G,NM_001360016.2(G6PD):c.1153T>G (p.Cys385Gly)
chrX,154532715,.,A,G,NM_001360016.2(G6PD):c.1139T>A (p.Ile380Asn)
chrX,154533031,.,C,T,NM_001360016.2(G6PD):c.962G>T (p.Gly321Val)
chrX,154533083,.,C,A,NM_001360016.2(G6PD):c.910G>A (p.Val304Ile)
chrX,154533591,.,G,T,NM_001360016.2(G6PD):c.849C>T (p.Asp283=)
chrX,154533592,.,T,C,NM_001360016.2(G6PD):c.848A>T (p.Asp283Val)
chrX,154533614,.,G,A,NM_001360016.2(G6PD):c.826C>G (p.Pro276Ala)
chrX,154533629,.,C,G,NM_001360016.2(G6PD):c.811G>A (p.Val271Met)
chrX,154534036,.,G,C,NM_001360016.2(G6PD):c.769C>A (p.Arg257=)
chrX,154534126,.,G,A,NM_001360016.2(G6PD):c.679C>G (p.Arg227Gly)
chrX,154534157,rs137852319,A,C,NM_001360016.2(G6PD):c.648T>C (p.Phe216=)
chrX,154534390,rs137852330,G,A,NM_001360016.2(G6PD):c.592C>A (p.Arg198Ser)
chrX,154534463,.,G,C,NM_001360016.2(G6PD):c.519C>T (p.Phe173=)
chrX,154535249,rs782322505,T,G,NM_001360016.2(G6PD):c.404A>T (p.Asn135Ile)
chrX,154535249,rs782322505,T,G,NM_001360016.2(G6PD):c.404A>G (p.Asn135Ser)
chrX,154535261,.,C,A,NM_001360016.2(G6PD):c.392G>A (p.Gly131Glu)
chrX,154535277,rs1050829,T,C,NM_001360016.2(G6PD):c.376A>T (p.Asn126Tyr)
chrX,154535278,.,C,A,NM_001360016.2(G6PD):c.375G>C (p.Met125Ile)
chrX,154535316,rs5030870,C,T,NM_001360016.2(G6PD):c.337G>T (p.Asp113Tyr)
chrX,154535336,rs267606835,G,C,NM_001360016.2(G6PD):c.317C>T (p.Ser106Phe)
chrX,154546122,.,C,A,NM_001360016.2(G6PD):c.34G>A (p.Val12Met)
